salary,city,company,company_size,tag,work_experience,company_address,job_description,education,age,job_title
面议," 
北京
",北京隐逸数字技术有限公司,公司规模：50-99人,"休闲餐点,发展空间大,子女福利,管理规范,技能培训,岗位晋升,扁平管理,节日礼物,弹性工作,定期体检,绩效奖金",3年以上经验,公司地址：建国门内贡院六号E座7层,"工作职责:
•	协调广告平台产品调研、需求分析、设计规划和项目周期管理
•	独立完成平台原型设计并输出需求文档
•	负责跟进产品功能实现并用运营数据验证转化效果
•	定义AdServer商业逻辑规划及广告优化策略
•	协助流量接入的问题排查及eCPM数据优化
•	规划系统解决方案及产品功能演示
任职要求:
•	本科以上学历
•	3年以上广告产品或技术解决方案经验，移动端广告变现成功案例
•	对于DSP／SSP上下游系统有深入理解
•	熟悉SDK／S2S对接的流量形态，了解流量反作弊机制
•	第三方数据平台（AppsFlyer、Adjust等）对接经验更加
视频广告／游戏行业经验更佳
                            ",统招本科,年龄不限,高级商业化产品经理
10-18万," 
杭州-余杭区
",淘顶网,公司规模：100-499人,"午餐补助,节日礼物,发展空间大,绩效奖金,带薪年假,技能培训,岗位晋升,交通补助,通讯津贴,全勤奖",3年以上经验,公司地址：杭州余杭区五常大道181号华立云立方1号楼5楼,"岗位职责：
1、把握移动互联网产业发展的热点和趋势，负责目标市场的行业分析，产品的调研、策划、设计管理工作；
2、制定产品需求计划，进行可行性分析及设计，撰写产品功能需求说明书，负责需求的跟踪和控制；
3、分析用户行为及需求，制定产品业务规范，整理、完善产品文档、业务流程及相关内容，对产品进行持续的优化和改进；
4、负责与UI设计、研发、测试、售前等团队的沟通，引导完成产品的界面、功能、流程设计、协调开发人员进行开发工作，确保各个协作部门对产品充分的理解，全程推动项目进展，协同完成产品的开发、测试；
5、分析用户需求，完成具体产品的需求分析和策划，独立完成PRD和产品原型；
6、负责产品市场监控、调研与分析，并提出产品优化改进建议；
7、负责日常业务数据分析，跟踪观察用户情况，提供客户支持，并持续改进、完善产品以提高产品的用户体验和用户留存；
任职要求：
1、本科以上学历；
2、有3年以上相关工作经验，具有目前在线的产品；
3、熟悉移动互联网产品交互设计的相关流程，包括功能分析、用户角色分析、原型设计、PRD文档编写等；
4、具备良好的数据与竞争对手分析能力，较好的逻辑思维与分析能力，能够对自有产品提出整改计划；
5、对于用户体验有深刻的理解，能准确把控用户的需求点，能够很好的规划和设计产品功能、使用流程与交互体验；
6、逻辑性强，擅长数据分析和需求调研，有商业意识和一定的行业知识；
7、具备良好的需求分析和产品设计能力，可以产出MRD、PRD、DEMO原型等标准产品文档；
8、想象力丰富，有创意、有激情，具有良好的逻辑思维能力、沟通能力、团队协作能力、学习能力与抗压能力；

",本科及以上,年龄不限,产品经理
12-18万," 
广州
",柚子舍,公司规模：100-499人,"发展空间大,带薪年假,交通补助,扁平管理,领导好,节日礼物,年度旅游,管理规范,技能培训,岗位晋升,五险一金,团队聚餐,全勤奖,休闲餐点,通讯津贴",2年以上经验,公司地址：广州市珠江新城平云路163号广电无线电集团通讯大楼西区六楼（广州远信/柚子舍）,"岗位职责：
1.负责公司移动互联网产品的设计和增长管理;
2.研究、分析用户需求，得到产品的主要案列和使用场景;
3.进行可用性设计，确保需求在产品上的准确传达和用户的理解、认知;
4.通过数据分析等方式，观察产品的发展，对产品形态的迭代和改进负责;
5.与产品运营同事配合，共同改善用户的生命周期指标;
6.拓展产品推广渠道，并管理各渠道的效果。
任职要求：
1.有2年以上移动互联网产品项目经验;
2.良好的洞察力，善于利用数据分析，场景分析等专业手段发现潜在用户需求;
3.掌握可用性设计的专业知识，并具备实际经验，能够运用信息结构，交互设计原则等知识完成可用性高的产品设计;
4.对数字敏感，优秀的定性，定量分析能力，以及严密的逻辑思维;
5.具备适合自己的创新思维体系，并能结合实际的创新案列讲出你的创新过程中的思考方法;
6.敏锐的市场意识，广阔的视野，并有实际的案列证明;
                            ",大专及以上,年龄不限,产品经理
面议," 
上海-徐汇区
",上海添芃网络科技有限公司,公司规模：1-49人,"五险一金,团队聚餐,休闲餐点,发展空间大,岗位晋升,定期体检,弹性工作,绩效奖金,扁平管理,领导好",2年以上经验,公司地址：凤凰园,"工作职责：
1、负责风控系统相关的产品规划、业务流程设计、功能设计、产品优化等工作；
2、规划风控系统和应用系统对接方案，持续完善风控系统流程；
3、负责风控需求管理，包括控制风控需求质量、协调资源制定解决方案及版本进度管理。
任职资格：
1、2年以上工作经验，1年以上金融机构风控系统或风险控制管理产品经验；
2、熟悉风险产品设计或系统分析经验，有风控交易监控相关经验者优先；
3、在消费金融公司、P2P公司、现金贷公司、第三方数据公司等从事信贷风险策略或模型设计者优先；
4、熟悉互联网产品整体项目实现过程，包括业务调研、需求分析、产品发布及上线效果追踪优化。
                            ",本科及以上,年龄不限,资深风控产品经理
18-24万," 
北京
",汉铭信通科技北京,公司规模：500-999人,"五险一金,午餐补助,通讯津贴,交通补助,团队聚餐,弹性工作,绩效奖金,带薪年假,发展空间大,领导好,生育补贴",3年以上经验,公司地址：北京市朝阳区安翔北里11号创业大厦B座11层,"岗位职责： 
1、对公司智慧旅游、全域旅游整体解决方案及相关产品进行规划，负责业务流程、产品原型、PRD等文档的设计和编写；
2、参与公司智慧旅游类产品关于规划、投标等文件的制订和编写工作；
3、负责收集整理智慧旅游产品的资料并出具分析报告，为部门业务人员销售及领导决策提供参考；
4、与各部门的沟通协调等工作。
职位要求：
1、25-40岁，本科以上学历，专业不限；
2、至少具有两年以上的智慧景区、智慧旅游、全域旅游等相关的信息化产品建设及运营经验；
3、能够独立完成产品原型、业务流程和交互界面的设计，并能够独立完成PRD的撰写；
4、具有景区智慧旅游、政府全域旅游或旅游局运行监测平台建设方案经验者优先；
5、良好的计划和执行能力、协调能力和人际沟通能力；
6、积极主动，具备团队意识，具有高度的责任心，能够承受较强的工作压力。

",统招本科,年龄不限,产品经理（智慧旅游方向）
18-30万," 
北京
",易宝支付,公司规模：1000-2000人,"绩效奖金,弹性工作,年度旅游,扁平管理,发展空间大",5年以上经验,公司地址：北京市朝阳区朝外大街甲6号万通中心D座23层,"岗位职责：
1、调研并规划企业账户产品的定位和发展方向，明确产品整体规划路径；
2、负责产品市场政策制定和运营管理；
3、形成产品文档和原型，并协调上下游系统，推动开发、设计、测试完成项目。
任职要求：
1、统招本科及以上学历，五年以上互联网产品经验，两年以上支付产品经验；
2、擅长市场分析，把握产品发展方向和动态，对B端商户有了解；
3、具有较强的领导和组织协调能力，判断力与决策力，优秀的沟通能力，执行力和团队合作精神；
4、学习能力强，逻辑清晰，思路开阔，具有较强的踪迹归纳能力和项目管理能力。

",本科及以上,年龄不限,高级产品经理
30-60万," 
上海
",乾生乾,公司规模：500-999人,"绩效奖金,带薪年假,午餐补助,弹性工作,岗位晋升,五险一金,团队聚餐,节日礼物,领导好,扁平管理",5年以上经验,公司地址：上海长宁区淞虹路207号 明基广场 C座2楼,"岗位职责：
1、负责支付产品的市场和用户需求研究。根据支付产品规划，完成支付产品演进的落实执行工作；
2、负责通过对用户支付产品的部署，支付流程的调整改进，不断提高业务流量，转化率，促进业务的发展；以及与新技术新模式的的深度融合；
3、保障支付以及其他与订单相关环节的风险控制能力，减少风险损失，扩大收入，并在风险控制领域内成为专家；
4、产品日常运营维护，根据各类分析、测试结果和用户反馈，持续改进已上线产品，安排项目优先级。
任职资格：
1、具备敏锐的市场意识，文字及图示表现能力强，较强的逻辑思维和和分析判断能力；
2、熟悉互联网电子商务的常规技术，以及支付产品所需的技术架构；对Java、Linux等平台技术有一定了解；
3、熟练使用各种产品设计软件，具备较强的项目管理、数据统计分析、用户需求分析、产品流程规划、项目提案和实施能力；
4、优秀的协调沟通、解决问题、产品创新能力和文档读写流利；
5、本科以上学历，计算机、数学或相关专业，硕士优先；
6、具有5年以上互联网产品开发项目管理的经验，有2年以上研发经验优先；
7、有核心系统或业务分析经验优先，账务、清结算、交易、支付等。
                            ",统招本科,年龄不限,支付产品经理
12-18万," 
上海-徐汇区
",上海网域网络科技有限公司北京分公司,公司规模：100-499人,"带薪年假,技能培训,岗位晋升,五险一金",3年以上经验,公司地址：虹漕路88号虹越广场B座16F/A,"岗位职责：
1、负责公司产品的研究、分析及产品规划，做好产品价格维护、营销方案与市场推广；
2、负责公司产品日常管理及产品线的运营分析，数据核检；
3、负责内部配合销售、采购等业务关联部门进行产品的业务拓展、项目支持与培训，及产品方案的推进；
4、关注并反馈行业市场的竞争动态， 并向管理层和业务部门提出建议。
5、负责与合作伙伴的商务拓展活动。
职位要求：
1、有良好的产品意识，思维活跃，善于总结，有较好的产品推广能力；
2、较强的数据报表分析能力和敏锐的市场洞察力；
3、具备较强的驱动及团队协作能力，抗压能力强；
4、熟练操作Excel、PPT等Office办公软件；
5、三年以上互联网工作经验。熟悉IDC业务， 电子商务， 互联网广告和游戏业务中的一项。
                            ",大专及以上,年龄不限,IDC产品经理
30-42万," 
北京
",安投融(北京)网络科技有限公司,公司规模：100-499人,"绩效奖金,带薪年假,交通补助,六险一金,领导好,扁平管理,发展空间大,休闲餐点,生育补贴",3年以上经验,公司地址：海淀区南三街中科资源大厦南楼12层,"任职要求：
1. 本科以上学历，211,985优先
2. 金融工程、金融数学、统计学、数量分析等专业优先
3. 5年以上金融从业经验，具备3年以上金融产品设计工作经验
4. 有知名供应链金融、P2P、银行、小贷、融租、保理等金融产品设计经验者优先
5. 优秀的沟通能力和协调能力，执行能力强，具备较强的团队合作精神。
岗位职责:
根据公司战略目标，对目标行业借款客户进行深入研究，结合理财客户的需求设计有竞争力的信贷产品；
负责部门间（业务、风控、运营、法务、合规、研发等）的协调沟通，推进产品项目实施；
根据借款人额度、期限、费率情况，结合出借人期限、利率偏好，设计债权匹配系统，促进交易；
负责借款产品设计，制定金融产品大纲，包括产品说明、业务流程说明、定价策略等；
负责信贷产品定价测算及盈利性管理，根据产品盈利性目标进行分析和规划，优化产品与定价体系；
                            ",本科及以上,年龄不限,金融产品经理
面议," 
北京
",迷你考拉仓(北京)仓储服务有限公司,公司规模：100-499人,"领导好,技能培训,岗位晋升,发展空间大,带薪年假,交通补助,弹性工作,管理规范,五险一金",3年以上经验,公司地址：承冀诚大厦A座319室,"职位概要：
根据公司整体战略，配合公司的产品战略，进行前端（用户端）业务流程及产品原型的规划和设计，从而推动公司业务的持续发展和创新。
岗位职责描述：
1.	根据公司既定的产品规划及战略，进行对应竞争对手的产品调研，输出竞调报告；
2.	结合竞调报告和用户报告的相关内容，进行公司前端产品使用场景，业务流程的梳理，产出前端产品原型；
3.	与技术部门进行沟通，进行产品需求宣讲。配合开发经理共同推动产品研发，保证产品研发过程中个里程碑的时间节点；
4.	主导产品的UAT测试，确保上线产品与产品设计吻合；
5.	持续收集产品上线后的运营数据，用于挖掘产品的新增需求和改善需求，持续进行产品的演进；
6.	完成上级主管交办的其他工作。
任职资格：
1. 大专及以上学历；
2. 有互联网+项目产品经理的工作经历。做过前后端产品优先；
3. 善于学习和思考，具备独立用户视角思考问题的能力；
4. 熟练使用办公自动化软件；
5.	基本技能和素质：
（1）	具备有较强的沟通能力；
（2）	具备较强的计划性、责任心、执行力及推动能力；
（3）	具备一定的项目管理能力；
（4）	熟悉行业知识，了解市场需求；
（5） 具备良好的数据敏感性和逻辑思维能力。

",大专及以上,年龄不限,产品经理-前端方向
20-39万," 
上海
",上海互联网软件集团有限公司,公司规模：100-499人,"年底双薪,绩效奖金,带薪年假,定期体检,年度旅游,节日礼物,领导好,扁平管理,午餐补助,管理规范,技能培训,岗位晋升,五险一金,团队聚餐,发展空间大",3年以上经验,公司地址：浦东新区居家桥路955弄2号1-3楼,"岗位职责：
1、负责策划/设计新版天e鲜电商平台；
2、负责产品的《可行性方案》《需求调研报告》《需求规格说明书》等需求相关文档的编写、业务流程、DEMO原型、UI、交互设计；
3、进行客户现场调研，通过现有客户需求分析，能够拓展客户需求，挖掘客户潜在需求。
4、负责制定项目开发计划并跟踪进度，确保项目如期完成；
5、负责项目资源的协调与组织，确保项目团队各关系人协同工作；
6、及时发现并跟踪解决项目问题，有效管理项目风险；
7、组织调查分析行业发展机会，完成市场分析和竞争分析报告。
8、协助完成总监交代的其他事项。
 
任职资格：
1、计算机软件及相关专业本科及以上学历，3年以上软件行业工作经验，1年以上电商行业产品经理类工作经验，必须具备支付相关经验；
2、熟练掌握Excel/PPT/word/Visio/project/axure RP等软件，有良好的方案制作能力能够制作出精美PPT和高质量WORD文档；
3、良好的方案宣讲能力，能够清晰的描述解决方案，了解客户的真实想法；
4、对交互设计、用户界面有研究；
5、良好的沟通能力、逻辑思维能力和理解能力，富有激情，能适应高强度的挑战和压力；
6、熟悉Restful、WebService、SOA等标准或风格；
7、有Html5、Java、C#、等语言的开发经验优先。
8、有水产行业的相关工作经验者优先。
                            ",统招本科,年龄不限,电商产品经理
18-36万," 
杭州
",贝购,公司规模：1000-2000人,"带薪年假,交通补助,五险一金,团队聚餐,岗位晋升,年度旅游",3年以上经验,公司地址：杭州市江干区九盛路9号东方电子商务园12幢贝贝大楼,"工作内容/职位描述：
1.  负责贝贝早教产品的设计和落地实施
2.  大型内容平台方向，公司重点项目
任职资格：
1. 3年以上移动产品经验，大中型前后台产品规划设计、项目管理能力
2. 上进心、执行力、逻辑性、框架性思维、沟通能力强
                            ",本科及以上,年龄不限,资深产品经理（内容平台方向）
22-42万," 
上海-闵行区
",苏州达家迎信息技术有限公司,公司规模：100-499人,"带薪年假,交通补助,通讯津贴,午餐补助,年度旅游,管理规范,发展空间大,股票期权,定期体检",3年以上经验,公司地址：申长路999号227室,"职位描述：
1、负责财务应收应付系统的产品规划、需求分析、驱动实施等工作；
2、能够与业务方、UED、开发、测试等紧密协同，达成产品目标共识并推动项目落地；
3、能够挖掘用户潜在的需求和问题，通过用户需求分析、市场和竞争对手分析等设计相应的产品功能；
4、负责产品相关的产品数据分析、项目管理、日常运营推广等工作；
5，不断优化财务模型，推动公司收入和利润增加。
能力要求：
 1. 拥有大型的SaaS产品经验，或工具类产品设计经验
 2. 丰富的后台产品设计经验，拥有应收应付方面产品规划和实施经验 
3. 拥有强大的抗压能力，对自己有严格的要求 
4. 创新精神优异，执行力超强，乐观、具备优秀团队精神 
5. 在中大型互联网公司从业经验者优先，本科工作经验＞=5年，研究生＞=3年 
6.理工类本科以上学历，211院校优先，计算机专业优先，研究生优先 
7.有过数据分析、电子商务网站做过后台应收应付系统、四大咨询公司、ERP整体解决方面的经验优先
                            ",本科及以上,年龄不限,高级产品经理
20-39万," 
上海
",路路由,公司规模：100-499人,"年底双薪,股票期权,优秀员工奖,全勤奖,休闲餐点,公司规模大,发展空间大,团队聚餐",3年以上经验,公司地址：花木路838号,"岗位职责:
岗位职责:
1、负责和业务需求方沟通，收集与拟写产品需求，并推进执行；
2、负责进行产品详细特性规划和产品设计，，包含但不限于撰写PRD文档、功能流程梳理、功能点梳理、每个功能点逻辑判断、字段梳理等，并协助开发团队理解和掌握需求；
3、负责部分跨平台产品功能的调研和设计；
4、关注产品数据和用户反馈，提炼用户需求，指导产品设计，完成产品迭代以及用户活跃增长等目标；
5、负责互联网产品的竞品优缺点分析，及时掌握竞品动态，并持续改善产品；
6、负责收集用户的反馈需求，进行产品快速迭代的推进。
任职要求：
1、3年以上的产品经理经验，熟悉电商和金融或020平台者优先；
2、必须负责过一个项目（产品），其主要跟进时间超过一年，期间通过各种方式改进产品，使其数据指标得到提升；
3、要求做过管理端。
4、有技术背景的优先。
注：面试必须带作品和PRD文档。
     需工科相关专业毕业
                            ",大专及以上,年龄不限,高级产品经理
21-42万," 
北京
",北京云瞳视光科技有限公司,公司规模：1-49人,"弹性工作,扁平管理,绩效奖金,带薪年假,交通补助,通讯津贴,午餐补助,五险一金,团队聚餐,股票期权",1年以上经验,公司地址：北京市朝阳区百子湾石门村5号东朝时代广场西区1号楼101室,"工作内容  
1 根据C端借书业务需求设计产品逻辑流程图，写产品PRD文档。
2 提出产品的技术方案，设计产品原型。
3 负责对规划产品的需求分析、设计、开发和测试阶段性过程进行指导和监控  
4 了解产品开发和测试的阶段性进展，发现存在问题时及时采取解决措施
5参与相关需求规划说明书的评审
任职资格：  
1 素质要求，善于沟通和表达，思维逻辑清晰
2 做事认真负责，热爱产品经理岗位
3 熟悉产品交互的优先
4有微信公众号设计经验或成熟产品设计经验的优先(面试要带有设计的产品或PRD）
共享阅读项目，由方创资本的创始人吴明华发起，CEO是来自文化传媒领域的连续创业者。种子轮投资规模数百万元。
                            ",本科及以上,年龄不限,产品经理
18-30万," 
北京-朝阳区
",北京击掌体育科技有限公司,公司规模：1-49人,"带薪年假,交通补助,午餐补助,通讯津贴,定期体检,弹性工作",4年以上经验,公司地址：光华路soho2,"废话不多说，先晒晒福利
1、业内竞争力的薪酬待遇（具体因人而异哈）
2、公司全员标配 Mac
3、午餐补助
4、正规五险一金保障
5、弹性上班制
6、我们很忙，但也要保证双休（也要保证双休、要保证双休、保证双休、证双休、双休、休……）
7、水果零食免费供应（只要你不减肥）
8、员工享受李宁旗下所有品牌 6 折优惠
如果有稍稍打动你，来看看我们需要的人才吧，我对这些小伙伴是介样描述滴： 
职位描述：
1、组织完成产品调研及竞品分析。根据竞品系统做出调研报告，不断迭代系统，主动针对业务逻辑制定系统功能及长期规划；
2、对需求、交互、视觉有明确的判断和把控能力；
3、可以同时协调多个“开发周期长、参与部门多”的大型项目，做到有效沟通、控制风险、保证质量；
4、负责产品及时、准确地研究、监控、分析app动态，并提出相应的对策
5、与其他团队紧密配合，快速、高效推动产品设计、研发、运营、推广
资格要求：
1、本科以上学历，4年以上移动互联网从业经验
2、有丰富的一线产品实战经验，成败皆有，总结形成自己的产品观、方法论
3、有10人以上的团队管理经验，具备良好的协作意识、沟通能力、组织协调和推动能力
3、掌握行业最新动态，关注行业、业务发展趋势，关注创新性产品理念，并对关键点有独立见解 
4、具备较强的策略和规划能力，具备出色的分析和解决问题的能力，具备良好的数据敏感性和逻辑思维能力
5、乐于接受挑战，能承载较大的压力
6、有运动、社交APP行业经验优先
加分项：
1、喜欢体育运动

",本科及以上,年龄不限,产品经理
25-40万," 
北京
",网易集团,公司规模：10000人以上,,1年以上经验,公司地址：杭州市滨江区网商路599号网易大厦,"工作职责：
1.       负责对互联网及相关行业进行持续深度的研究，辅助管理层完成产品发展规划的制定；
2.       结合自身经验积累以及对互联网新动态的研究，为公司挖掘新的发展及布局方向；
3.      负责新产品的落地孵化，带领完成新产品团队组建，产品设计，试运行等工作。
任职要求：
1.       （任一行业）资深行业从业者，具有丰富的从业经验，有管理经验者优先；
2.       熟悉所在行业内知名企业和潜力企业动态，拥有行业人脉关系；
3.       有敏锐的商业洞察能力，优秀的创新能力及学习能力；
4.       充满激情，拥有良好的人际交往能力与团队合作精神；
5.       全日制研究生以上学历，有海外留学背景者优先。
                            ",学历不限,20-50岁,新产品研究策划经理-电子商务部042
18-30万," 
深圳
",深圳市由心网络科技有限公司,公司规模：1-49人,"股票期权,五险一金,带薪年假,岗位晋升,休闲餐点,发展空间大,团队聚餐,节日礼物,技能培训,工作氛围轻松,年度旅游,扁平管理",3年以上经验,公司地址：南山区深南大道海岸时代大厦东B座15层021室,"职责描述：
负责产品的需求分析、市场分析、用户调研和竞品分析
2、负责移动端,WEB端互联网产品的原型设计
3、编写市场需求文档、产品需求文档、原型图、流程图、产品相关PPT等文档文案
4、支持并推动产品开发、测试工作，推动产品按质按时上线
5、负责产品的运营支持和推广，分析用户及产品数据并对产品进行持续迭代优化
6、负责产品的框架、交互设计、原型设计、产品的视觉设计工作，参与制定UE规程，审核与决策UE目标；负责维护和更新设计流程的标准和规范，负责标准和规范的实施；
7、客户交互设计：通过对客户行为研究和产品需求分析，制定产品界面以及整体交互流程；跟踪和分析业界的可用性设计趋势，规划产品的整体设计和易用性；对交互设计过程有深入的了解，可以独立完成整个设计过程。 
任职要求：
4年以上产品经验，其中2年以上互联网产品设计运营工作经验，有互联网产品UI设计经验，有UE设计经验者优先，能设计出具备说服力和感染力的作品；
2、触觉敏感，对产品的设计、视觉交互、用户体验有独特的见解
3、熟悉使用PPT，Visio， Axure RP, Mind Manager等软件工具
4、熟练使用Photoshop、Illustrator、Flash、Dreamweaver、Painter、Adobe其中的多种软件，以及HTML、DHTML、Javascript、CSS+DIV布局，有axure或者mockups一定的技能，能完成从原画到色彩的整个作品的设计；
5、具有软件产品界面风格设定以及VI设定（包括界面、图标风格与统一规范等）经验，对UI设计有良好的认知和深刻的理解，色彩感、形式感强，思路开阔，创意丰富；
6、用户需求把握精准，良好的用户体验感知， 产品设计具备前瞻性，良好的逻辑思维，能以创业精神参与设计，较强的抗压能力，具备极高的责任感；
7、有大数据相关项目或需求管理，质量管理、产品设计经验优先。
8、沟通能力和协调能力强，具有团队协作精神。
9、有BAT等知名互联网企业产品经理经验者优先；

",统招本科,年龄不限,高级产品经理
20-33万," 
上海
",信用飞/首付游,公司规模：50-99人,"领导好,技能培训,岗位晋升,发展空间大,年底双薪,股票期权,绩效奖金,带薪年假,定期体检,弹性工作,节日礼物,扁平管理,五险一金,团队聚餐,休闲餐点,优秀员工奖",3年以上经验,公司地址：徐汇区虹漕路88号H88越虹广场B座309室,"【岗位职责】
1、负责信用飞信贷产品的相关运营工作，制定产品运营方案、进行营销活动策划、数据分析及合作洽谈等工作；
2、负责信贷用户生命周期运营，深入理解并挖掘用户需求，提升用户黏性和活跃；
3、深入市场，进行竞品分析，跟踪市场变化，合理调整和优化运营策略；
4、对产品数据进行监控和分析，控制调整成本、收益等各项表现；
5、统筹运营项目的进度，推动项目进行，最终达成运营目标。
 
【任职要求】
1、本科以上学历，3年以上互联网产品运营或金融产品运营经验；
2、具有较强的数据敏感性及数据分析能力；
3、具有良好的沟通能力和开拓能力，善于合作沟通；
4、热爱互联网，有较强的抗压能力、学习能力、责任心和创新力；
5、有信贷产品运营经验者优先。
                            ",本科及以上,年龄不限,高级产品运营经理（信贷产品）
22-30万," 
广州
",正誉医疗用品,公司规模：100-499人,"领导好,技能培训,岗位晋升,发展空间大 ",3年以上经验,公司地址：广东正誉医疗用品有限公司,"主要职责：
1. 负责APP产品的规划与设计，设计符合需求并当前技术可实现的APP产品原型;
2. 深度理解业务，规划产品模型，制定产品路线图，确定产品策划方案；
3. 负责产品模块及功能设计，撰写详细的产品需求文档和原型设计文档；
4. 与设计、开发、运营等部门密切配合，确保其他团队对产品的充分理解和快速迭代；
5. 分析和统计产品数据，多方面收集反馈及需求，综合判断并据此进行产品优化迭代。
岗位要求：
1. 大专以上学历，信息管理、计算机、电子等相关专业；
2. 3年以上产品策划或互联网产品运营经验；
3. 较强的语言组织能力、较强的文档/图表表达能力，以及较强的沟通协作能力；
4. 系统化思考的能力，出色的业务理解力，优秀的建模能力，良好的产品架构设计能力；
5. 熟悉其中一种原型设计工具，快速完成概念原型的制作，了解当前流行的软件开发技术或电子产品开发技术；
6. 有医疗健康互联网产品策划经验或互动社区产品策划经验者优先考虑；
7. 热爱产品策划工作，能够承受工作压力、有良好团队合作精神。
                            ",大专及以上,年龄不限,高级产品经理（互联网）
20-26万," 
苏州-吴中区
",科沃斯机器人股份有限公司,公司规模：2000-5000人,"带薪年假,交通补助,通讯津贴,午餐补助,定期体检,年度旅游,节日礼物,免费班车,五险一金",5年以上经验,公司地址：友翔路18号,"职责描述： 1、负责公司国际业务各互联网系统平台的需求调研、梳理和系统落地； 2、负责编写规范的需求规格说明书、用户使用和培训手册，负责用户培训； 3、协助项目经理推进项目需求内容的技术实现，协助技术团队把控需求实现质量； 4、负责系统平台的日常改进优化工作，提出改进需求； 5、与国际业务团队沟通梳理需求并分析评估； 6、与技术团队沟通需求实现方案，评审需求文档，协调技术资源和系统开发实现进度； 7、对产品的运营数据进行监控和分析，不断优化系统，改进用户体验，提升系统平台价值和用户满意度； 岗位要求： 1、本科或以上学历，计算机相关专业毕业，3年以上互联网产品需求分析设计相关工作经验； 2、熟悉Axure、visio、word、ppt等常用产品设计工具，能熟练进行原型设计； 3、具备专业的产品设计和需求分析能力，能对系统业务概念、业务流程、逻辑规则、扩展变化进行抽象和设计； 4、良好的文档书写能力，逻辑思维能力、独立创新能力强，注重细节，执行力强； 5、熟练掌握软件过程模型和角色职责，有丰富的实践经验； 6、具有较强的判断和决策能力、人际沟通和协调能力、计划与执行能力； 7、具有较强的工作热情和责任感，熟悉互联网及电子商务行业，熟悉移动互联网发展； 8、英语口语能力熟练且有相关工作经验； 9、有大型电子商务平台工作经验者优先，有独立承担互联网项目产品设计工作经历者优先； 10、有互联网技术开发经验者优先。
                            ",统招本科,年龄不限,互联网产品经理（国际）
14-28万," 
上海
",上海即富信息技术服务有限公司,公司规模：500-999人,"带薪年假,五险一金,节日礼物,团队聚餐,发展空间大,年底双薪,领导好,公司提供专车,管理规范,岗位晋升,做五休二",2年以上经验,公司地址：上海市浦东新区金科路2555号（中国芯科技园）C栋,"岗位职责：
1、创新性互联网金融产品设计，完成互联网或软件产品的整体实现，包括从需求分析到产品发布；
2、负责产品的《可行性方案》《需求调研报告》《需求规格说明书》等相关文档的编写、业务流程、DEMO原型、UI、交互设计等；
3、协调对接外部资源，组织调查分析行业发展机会，熟悉竞品分析方法，完成市场分析和竞争分析报告；
4.通过数据分析与测算，制定针对B端、C端用户的产品定价、推广激励政策，分析产品的盈利性、风险性和流动性，对产品市场及需求进行挖掘和研究，提供新产品开发或现有产品升级的合理化方案；
5、与研发团队密切配合，协助研发团队理解和掌握需求，协调各方资源，快速、高效推进产品项目进度； 
6、监控产品效果，收集内外部用户反馈，挖掘用户需求，实现产品持续优化。
任职要求：
1、大专及以上学历，计算机、金融学、财务会计、数量经济、金融工程、投资等相关专业；
2、至少2年以上产品工作经验，有互联网、电商、消费金融, 小额信贷, 或场景化金融产品设计者优先；
3、熟悉相关的法律和金融行业规定，精通金融产品的合规性要求；
4、具有非常好的风险控制意识，具备相关的实际经验
                            ",大专及以上,年龄不限,金融产品经理
18-24万," 
北京
",学科网,公司规模：500-999人,"绩效奖金,带薪年假,弹性工作,节日礼物,领导好,扁平管理,生育补贴,团队聚餐,岗位晋升,技能培训,外派津贴,发展空间大,优秀员工奖,全勤奖,公司规模大",3年以上经验,"公司地址：北京市房山区良乡首发物流商务楼B座（苏庄地铁站附近,提供住宿，有班车）","部门：数据运营中心
招聘人数：1人
硬性要求：统招本科，有毕业证和学位证
岗位职责：
1、负责学科网销售系统及渠道管理系统的建设工作
2、负责各类型的销售流程梳理及优化
3、基于销售数据进行数据分析
4、对用户体验提升有较高敏感度
任职要求
1、精通J2EE项目开发及管理
2、3年以上项目开发经验，有ERP，CRM系统开发经验优先
3、熟悉Linux服务器的运维管理
4、对产品销售或客户管理方面有相关经验
5、熟悉BPMN标准规范
6、需要团队合作、及开发文案撰写能力

",统招本科,年龄不限,产品经理
5-8万," 
长沙-雨花区
",长沙爱登网络科技有限公司,公司规模：50-99人,"绩效奖金,年度旅游,五险一金,团队聚餐,扁平管理,领导好,带薪年假,岗位晋升,发展空间大,优秀员工奖",1年以上经验,公司地址：长沙市雨花区树木岭路16号双铁城综合楼18楼,"职责描述：
1、负责市场调研，分析竞争品，策划相关项目；
2、根据用户体验确立功能点，不断完善策划案，进行策划优化及改进；
3、负责产品的功能策划，原型设计、撰写产品需求说明书等相关文档；
4、负责相关产品开发项目周期和进度的把控，对产品完成的进度和质量负责；
5、配合相关进行广告宣传策划、以及产品相关推广的文案工作；
6、负责制定广告公司在线产品的产品设计、实施方案和工作目标；
7、对产品的运营状况进行监控和分析，并提出改进方案；
任职要求：
1、熟练使用office办公软件，文字功底强；
2、有独特的产品、用户心理分析能力，擅长分析市场发展方向和动态，对移动互联网发展潮流高度关注，思维活跃、有创意；
3、对用户需求能敏锐的察觉，有较强的逻辑思维能力，需求分析能力及产品规划能力；
4、熟练使用axure、Mockplus等原型设计软件；
5、熟练使用photoshop等图片处理软件，能够简单处理素材图片；
6、熟练使用思维导图相关软件；
7、良好的团队沟通协调能力，可承受一定的工作压力，有责任心，通过持续学习完善自身；
8、具备较强的逻辑思维能力、自学能力、英文阅读能力和沟通能力。
                            ",学历不限,年龄不限,产品策划经理
18-24万," 
北京
",北京云测信息技术有限公司,公司规模：500-999人,"带薪年假,午餐补助,定期体检,五险一金,绩效奖金,节日礼物,团队聚餐,领导好,公司规模大,优秀员工奖",2年以上经验,公司地址：北京市朝阳区酒仙桥路52号东方科技园4号楼,"职位描述：
1．负责Testin众测平台的产品规划和策略制定，包括产品功能设计、发布跟进、数据分析、版本迭代；
2．收集分析来自内外各个角色及部门的反馈，并有效具化为可解决问题的产品需求，促使产品不断迭代升级；
3. 以质量和效率为核心，负责众测产品的流程、规则优化工作；
职位要求：
1. 理解众包类型产品的模式及关键要素；
2. 具有较强的逻辑感、结构化思维，良好的文字表达能力及沟通能力，善于跨部门沟通协作；
3．有较强的信息获取能力，需要较强的互联网行业信息敏感度；
4. 强烈的责任心和抗压能力；
5. 熟练掌握产品设计工具（Axure、Visio、Xmind等）；

",本科及以上,年龄不限,产品经理
面议," 
上海
",上海巍擎信息技术有限责任公司,公司地址：盛夏路560号507室,"年底双薪,弹性工作,五险一金,绩效奖金,发展空间大,带薪年假,定期体检,年度旅游,节日礼物,领导好,团队聚餐",2年以上经验,,"工作职责： 
1、根据产品战略、市场研究和客户需求分析，确定产品定位和目标。
2、负责产品线的规划，完成具体产品设计。 
3、研究市场趋势，针对存在问题挖掘潜在需求，提出有前瞻性的需求方案。
4、对产品线运营数据进行追踪和分析，制定优化方案并推进实施。
5、与研发团队紧密配合、协调推进项目，完成产品目标。
6、参与行业市场、竞争对手进行对比分析，并提出产品改善计划。 
 
岗位要求： 
1、2年以上产品经理工作经验。
2、熟悉产品实施过程，包括市场分析、需求分析、产品功能设计、业务流程设计、原型设计、产品可用性测试等；
3、较强的协调、沟通能力，具备团队合作精神、性格外向开朗
4、有2B的行业产品或项目经验者优先
5、熟悉Android系统、有Android平台安全相关经验者优先
                            ",本科及以上,年龄不限,高级产品经理
24-36万," 
上海
",上海宏鹿信息技术服务有限公司,公司规模：100-499人,"年底双薪,绩效奖金,带薪年假,领导好,弹性工作,定期体检,五险一金,发展空间大",3年以上经验,公司地址：上海市浦东新区张江镇上投盛银大厦D栋6层,"岗位职责：
1.负责金融大数据产品规划，结合数据的应用场景,抽象数据需求,搭建数据模型,编写需求文档和产品原型。
2.负责业务侧数据需求的对接，确定数据挖掘业务目标、数据指标、数据报表。
3.产品全生命周期跟进，协调各种资源保证产品顺利展开，最终对研发结果负责。
4.负责产品数据分析，产品思路总结，对数据产品进行迭代和优化。
任职要求：
1.本科以上学历，计算机、数学等相关专业；
2.逻辑思维能力和学习能力强，有执行力；
3.工作积极主动，责任心强，良好的沟通表达能力以及推动能力；
4.熟练使用Excel、Axure、Visio、思维导图等工具；
5.了解数据分析、数据仓库、数据挖掘与人工智能，有数据分析系统建设经验；
6.有丰富的互联网产品规划经验,有敏锐的商业意识，良好的客户需求分析、挖掘能力。

",本科及以上,年龄不限,数据模型产品经理
12-24万," 
北京
",指掌易科技,公司规模：100-499人,"扁平管理,发展空间大,带薪年假,定期体检,弹性工作,领导好,五险一金,团队聚餐,休闲餐点,岗位晋升",3年以上经验,公司地址：海淀区东北旺西路8号中关村软件园8号楼华夏科技大厦三层309、311房间,"岗位职责：
1、负责公司各个产品线产品的市场化工作；
2、根据公司产品市场规划，进行亮点挖掘、文字包装、撰写案例并进行传播；
3、承接公司级各产品核心价值和卖点提炼，并进行产品包装，包装形式包括但不限于官网、宣传册、视频、PPT、图片、培训；
4、与市场部其他团队配合，完成产品内容价值传递及传播推广，在市场活动中准备并发表演讲；
5、结合市场情况，完成行业数据搜集、分析并形成产品及竞品相关报告；
6、针对公司海外目标市场，统筹产品的本地化市场方案。
 
任职要求:
1、本科及以上学历，3年以上软件行业或互联网行业产品或市场工作经验；
2、优秀的品牌意识和创意策划能力，能组织产品进行市场化，包括撰写完整的策划传播方案并跟进执行，对执行的结果有明确的数据追踪。
3、能够准确捕捉产品亮点，敏锐洞悉用户的需求和变化，具备恰如其分的文字表现能力、丰富创意策划力；
4、良好的交际沟通能力和分析判断力，高度的责任感，工作积极主动，善于多部门沟通协作；
5、敏锐的市场反应及市场洞察能力，有较强的策略思考能力和逻辑思维能力；
6、良好的英文表达能力。
                            ",本科及以上,年龄不限,产品营销经理
18-36万," 
上海
",微鲸科技有限公司,公司规模：500-999人,"领导好,技能培训,岗位晋升,发展空间大 ",经验不限,公司地址：上海市浦东新区盛夏路666号E栋3层,"工作职责:
1、为搜索制定可真实反映用户感受的评测体系；
2、对评测结果进行分析，制定搜索基础品质改进计划，确定各方向改进优先级；
3、负责语音智能产品需求调研、版本立项和产品设计、项目推进；
4、为产品功能团队提供有效的优化策略，提升搜索和语音产品整体品质.
任职要求:
1、具备数据挖掘和数据建模能力，对智能推荐算法熟悉；
2、关注细节，实践过通过产品细节设计来提高产品整体的用户体验
3、数据驱动，实践过通过产品数据来引导产品设计；
4、研究生及以上学历，计算机及相关专业优先.
                            ",硕士及以上,年龄不限,搜索/语音产品经理
18-36万," 
上海
",微鲸科技有限公司,公司规模：500-999人,"领导好,技能培训,岗位晋升,发展空间大 ",3年以上经验,公司地址：上海市浦东新区盛夏路666号E栋3层,"工作职责:
1、负责视频内容个性化推荐产品的规划，包含基础数据的搜集、排序、展示等产品形态；
2、挖掘用户个性化需求，优化个性化推荐策略，提升个性化策略的转化效果；
3、定期评估推荐效果，基于数据分析结论，不断优化推荐策略和前端体验；
4、负责与横向部门沟通协调，确保项目推进，指导产品持续改善。
任职要求:
1、研究生及以上学历，计算机及相关专业 优先；
2、4年以上产品经理工作经验，具备较强的产品策划能力；
3、熟悉搜索引擎或推荐系统，有数据挖掘、个性化推荐产品经验优先；
4、对数据敏感，具备良好的逻辑分析能力。
                            ",硕士及以上,年龄不限,个性化推荐产品经理
10-19万," 
杭州-滨江区
",丁香园,公司规模：500-999人,"领导好,发展空间大,公司规模大,环境舒适有趣,带薪年假,年度旅游,弹性工作,定期体检,节日礼物,五险一金",2年以上经验,公司地址：杭州市滨江区江虹路 611 号上峰电商产业园3号楼3楼,"职位描述：
1、负责丁香云管家产品线，从需求分析、功能设计、开发跟进到最终上线的整个流程；
2、优化已有功能或策略以提升用户体验，并撰写高质量的产品需求文档与产品原型图，确保技术及业务部门准确理解。
任职条件：
1、严密的逻辑思维，可以处理复杂业务逻辑和业务流程；
2、出色的沟通与表达能力，可以高效的进行口头与笔头沟通；
3、有学习欲望和自驱力，对产品设计感兴趣；
4、热爱分享交流，习惯团队工作而非单打独斗，能够与不同性格的人共事；
5、有医疗从业经历或相关背景优先。
                            ",本科及以上,年龄不限,云管家产品经理
面议," 
上海
",通联支付,公司规模：5000-10000人,"年底双薪,绩效奖金,交通补助,通讯津贴,午餐补助,公司规模大,定期体检,发展空间大,节日礼物,年度旅游,补充医疗保险",3年以上经验,公司地址：上海市浦东新区杨高南路799号陆家嘴世纪金融广场,"职责描述：
1.负责通联钱包服务平台的规划与需求设计，基于账户体系与内容服务，输出配置化的APP／SDK；
2.对上线产品结果负责，参与市场调研、客户洽谈；主导产品方案设计、产品落地与迭代优化；
3.协助UI、开发、运营、推广等人员理解和掌握需求，对产品需求方向和易用性负责；
4.和业务，市场，客服等多个部门沟通协作，推进产品正常运转，收集需求反馈，调研分析。
任职要求：
1.专业：计算机、电子、通讯、金融等相关专业；
2.通晓：开放平台／SAAS内容服务市场方向产品设计与需求撰写；
3.熟悉：Axure、Visio、Xmind、Sktech等圆形设计与项目管理工具；
4.经验：三年以上产品经理经验，两年以上平台型产品经验，有互联网金融行业者优先；
5.能力：有能力与开发人员就产品实现逻辑进行深入讨论，出色的语言、沟通和协调能力，愿意接受新事物6.挑战，拥有强烈的责任心和良好的抗压性。

",统招本科,年龄不限,产品经理（平台服务）
30-42万," 
北京
",百乘科技,公司规模：500-999人,"年底双薪,带薪年假,午餐补助,年度旅游,节日礼物,领导好,扁平管理,五险一金,团队聚餐,上市公司,发展空间大",2年以上经验,公司地址：朝阳区北辰西路8号院北辰世纪中心B座六层,"职责描述：
1.	负责设计承接借款人贷款受理平台产品（提交贷款申请，跟进贷款核心信息，获取贷后信息）
2.	负责借款用户的新用户获取，持续提升新用户转化率，持续优化新用户流量入口
3.	深入了解行业，为一次客户提供有价值的工具服务，提升客户二次贷款转化率
任职要求：
1.	至少三年以上的用户端产品经验
2.	大学本科或以上学历
3.	具有持续优化的能力，推进产品线完成业务目标
4.	具备良好的数据分析能力，以及量化衡量目标的能力
5.	优秀的沟通能力和协作能力，可以从终端用户场景深挖需求

",统招本科,年龄不限,高级产品经理
22-30万," 
深圳-南山区
",武汉微思敦网络技术有限公司,公司规模：100-499人,"五险一金,岗位晋升,技能培训,扁平管理,领导好,带薪年假,绩效奖金,发展空间大,优秀员工奖,全勤奖,午餐补助,通讯津贴,交通补助,节日礼物,出国旅游,管理规范",3年以上经验,公司地址：高新南九道9号威新软件园2号楼502室,"职责描述：
1.负责独立DSP的产品搭建与线上运营
2.负责与资源媒体方的沟通推进
3.负责与需求方的沟通对接
任职要求：
1.本科毕业、3-5年互联网产品经验
2.独立从0到1搭建产品或大项目系统的经验
3.良好的沟通能力，团队合作能力、抗压能力
4.目标导向，结果导向
5.了解广告系统工作原理，相关广告产品经验者优先
                            ",统招本科,年龄不限,高级产品经理2
22-30万," 
深圳-南山区
",武汉微思敦网络技术有限公司,公司规模：100-499人,"五险一金,岗位晋升,技能培训,扁平管理,领导好,带薪年假,绩效奖金,发展空间大,优秀员工奖,全勤奖,午餐补助,通讯津贴,交通补助,节日礼物,出国旅游,管理规范",3年以上经验,公司地址：高新南九道9号威新软件园2号楼502室,"职责描述：
1. 负责自研ADX的预研、系统策划与产品策划；
2. 负责项目跟进与管理，从0到1搭建ADX系统；
3. 负责ADX上线后的运营。
任职要求：
1. 本科及以上学历，计算机或理科专业出身，3-5年互联网产品策划工作经验；
2. 拥有独立负责一个从0开始的项目经验；
3. 熟悉广告系统工作原理，相关广告平台或产品策划者经验优先；
4. 较强的技术背景，逻辑清晰，学习能力和协作能力强；
5. 工作主动积极负责；良好的项目统筹能力。
                            ",统招本科,年龄不限,高级产品经理
面议," 
北京
",和信电子商务,公司规模：1000-2000人,"年底双薪,股票期权,绩效奖金,带薪年假,弹性工作,领导好,岗位晋升,技能培训,节日礼物,年度旅游,管理规范,五险一金,扁平管理,每月生日会,团建基金,发展空间大",2年以上经验,公司地址：北京市朝阳区建国路甲92号世茂大厦C座13层,"岗位职责：
1 通过市场调研、竞品分析、数据分析等手段，规划产品产品方向，提供业务解决方案；
2 设计理财产品原型、业务流程，及业务前后台处理逻辑与规则；
3 负责撰写MRD、BRD、PRD等文档需求；
4 负责日常业务数据统计分析；
5 负责产品版本管理，全程参与项目开发，产品测试验收，推动产品上线；
6 撰写信贷产品说明文档，协助运营完成产品的推广与培训工作；
7 负责贷款端产品问题解决，完善改进，及迭代计划；
任职要求：
1 正规大学本科或以上学历，金融、IT相关专业毕业；
2 具有2年以上产品经理岗位经验，有信贷产品、抵押贷产品、消费金融产品等经验优先，有相关产品成功案例优先。
3 会使用Axure原型设计工具，熟练使用Xmind、Visio、office等常用办公软件
4 具有良好的学习能力和工作责任感；
5 具备优秀的沟通、协调、项目推动及跨领域思维能力；

",本科及以上,年龄不限,产品经理（借款端）
18-30万," 
北京
",北京网利科技,公司规模：100-499人,"领导好,技能培训,岗位晋升,发展空间大 ",3年以上经验,公司地址：北京市 朝阳区 三元桥 海南航空大厦a座 ,"岗位职责：
1、 负责平台产品的维护、规划、设计、升级、迭代；
2、 监控现有的贷款，建立规则和模型，对坏账及时作出预警和风险规避；
3、 撰写高质量的产品需求文档，跨部门沟通协调，推动研发团队，保证产品按时开发完成，高质量上线；
4、从0到1建立金融风控系统及规范；
5、 与各业务线同事配合推动各风控策略，建立健全风险防控机制和体系；
任职要求：
1、 本科及以上学历，两年以上的互联网风控产品经理经验；
2、 熟练掌握visio、Axure等产品工具；
3、 深入了解信贷行业相关风险点，能独立把控产品的推进和落地；
4、 项目管理经验丰富，能合理安排并跟进项目进度；
5、 有数据模型搭建、现金贷风险知识背景优先
                            ",本科及以上,年龄不限,风控产品经理
12-18万," 
深圳
",对酒当歌,公司规模：100-499人,"领导好,技能培训,岗位晋升,发展空间大 ",3年以上经验,公司地址：宝安区宝城67区隆昌路8号飞扬科技园,"职责描述：
1、负责集团会员宝的产品规划、方案设计，以及产品需求和功能文档撰写
2、跨部门协调沟通，确保产品从需求调研、规划、设计、开发到上线如期完成
3、对日常平台运营情况进行监控，处理客户反馈问题，同时分析用户行为及需求，提出产品的优化改进意见
任职要求：
1、本科及以上学历，专业不限，3年及以上互联网产品经理工作经验，负责过完整的项目周期，包括前端和后台
2、熟悉互联网金融行业的主流产品，如P2P产品，余额宝类等产品
3、有把控项目产品周期的能力，对于产品版本的迭代有清晰明确的规划
4、工作认真严谨，具备良好的沟通表达能力
福利待遇：
1.入职即缴纳五险一金;
2.早晚有班车接送（班车从蛇口体育中心出发，途经南山地铁站、桃园地铁站、兴东地铁站等）;
3.提供本行业有竞争力的薪酬;
4.每月举办一次生日会和下午茶活动。
应聘说明：
1.请选择最适合您的一个岗位投递简历，请勿重复投递;
2.您的简历我们将在3个工作日内审核完毕，请保持电话畅通；初审符合条件我们会电话与您约定面试时间;
3.可电联咨询并约定面试时间，电联时请说明应聘的职位，电话，姓名等信息;
4.来电咨询时间：周一到周五上午9:00-12:00，下午13:30-18:30;
5.来访请提前预约，谢绝未约来访，请在约定好的时间准时到达，如若迟到将直接取消面试资格。有特殊情况需改约时间者可电联说明。
                            ",大专及以上,年龄不限,会员宝金融产品经理
7-13万," 




                                                        安徽省



                                        ",合肥栋天科技有限责任公司,公司规模：1-49人,"绩效奖金,弹性工作,定期体检,五险一金,带薪年假,节日礼物,休闲餐点,年底双薪",2年以上经验,公司地址：高新区拓基广场,"工作职责
1负责线上产品的市场推广
2根据各种统计数据和用户反馈，不断完善产品。
3分析用户需求，对迭代产品提出建议，跟进迭代产品进度
岗位要求
1.计算机基础扎实，有实际产品开发经验，懂后台
2.1年互联网产品经验，做过量化交易类优先
3.懂策略
4.较强的沟通、协调工作能力
任职要求
1.学过数据结构和算法，并能正确运用
2.计算机、电子、自动化、软件工程等弱电类专业优先
3.流畅阅读英文资料优先
关注微信公众号 云算股市 了解产品信息
                            ",本科及以上,年龄不限,互联网产品经理
12-18万," 
北京
",北京华语时代,公司规模：50-99人,"绩效奖金,午餐补助,通讯津贴,带薪年假,节日礼物,扁平管理,五险一金",2年以上经验,公司地址：北京市海淀区西三环北路89号中国外文大厦A座7层702,"岗位职责：
1.	市场需求的调研分析；
2.	产品策划；
3.	负责产品原型设计；
4.	负责需求文档及其它无形资产申报相关材料的书写及维护；
5.	负责跟踪产品进度解答疑问、协调资源、及时反馈；
任职要求：
1.	两年以上电商网站产品策划设计经验；
2.	对电商、社交和在线教育行业有长期的观察和足够的认知；
3.	独立完成过一款发布上线上线的产品；
4.	有移动端产品与网站的设计能力；
5.	好奇心强，对互联网产品有自己的看法，嗅觉灵敏；
6.	同理心强，擅于研究用户需求；
7.	责任心强，保持一颗敬畏之心；
8.	对数据变化敏感，具备良好的分析判断能力；
9.	熟练使用Axure，Mindmanager等常用工具；
10.	有技术背景、教育产品基础的优先考虑；
11.	英语阅读水平通常的优先；

",本科及以上,年龄不限,网站端产品经理
12-18万," 
深圳
",对酒当歌,公司规模：100-499人,"领导好,技能培训,岗位晋升,发展空间大 ",3年以上经验,公司地址：宝安区宝城67区隆昌路8号飞扬科技园,"职责描述：
1、负责集团会员宝的产品规划、方案设计，以及产品需求和功能文档撰写
2、跨部门协调沟通，确保产品从需求调研、规划、设计、开发到上线如期完成
3、对日常平台运营情况进行监控，处理客户反馈问题，同时分析用户行为及需求，提出产品的优化改进意见
任职要求：
1、本科及以上学历，专业不限，3年及以上互联网产品经理工作经验，负责过完整的项目周期，包括前端和后台
2、熟悉互联网金融行业的主流产品，如P2P产品，余额宝类等产品
3、有把控项目产品周期的能力，对于产品版本的迭代有清晰明确的规划
4、工作认真严谨，具备良好的沟通表达能力
福利待遇：
1.入职即缴纳五险一金;
2.早晚有班车接送（班车从蛇口体育中心出发，途经南山地铁站、桃园地铁站、兴东地铁站等）;
3.提供本行业有竞争力的薪酬;
4.每月举办一次生日会和下午茶活动。
应聘说明：
1.请选择最适合您的一个岗位投递简历，请勿重复投递;
2.您的简历我们将在3个工作日内审核完毕，请保持电话畅通；初审符合条件我们会电话与您约定面试时间;
3.可电联咨询并约定面试时间，电联时请说明应聘的职位，电话，姓名等信息;
4.来电咨询时间：周一到周五上午9:00-12:00，下午13:30-18:30;
5.来访请提前预约，谢绝未约来访，请在约定好的时间准时到达，如若迟到将直接取消面试资格。有特殊情况需改约时间者可电联说明。
                            ",大专及以上,年龄不限,会员宝金融产品经理
7-13万," 




                                                        安徽省



                                        ",合肥栋天科技有限责任公司,公司规模：1-49人,"绩效奖金,弹性工作,定期体检,五险一金,带薪年假,节日礼物,休闲餐点,年底双薪",2年以上经验,公司地址：高新区拓基广场,"工作职责
1负责线上产品的市场推广
2根据各种统计数据和用户反馈，不断完善产品。
3分析用户需求，对迭代产品提出建议，跟进迭代产品进度
岗位要求
1.计算机基础扎实，有实际产品开发经验，懂后台
2.1年互联网产品经验，做过量化交易类优先
3.懂策略
4.较强的沟通、协调工作能力
任职要求
1.学过数据结构和算法，并能正确运用
2.计算机、电子、自动化、软件工程等弱电类专业优先
3.流畅阅读英文资料优先
关注微信公众号 云算股市 了解产品信息
                            ",本科及以上,年龄不限,互联网产品经理
12-18万," 
北京
",北京华语时代,公司规模：50-99人,"绩效奖金,午餐补助,通讯津贴,带薪年假,节日礼物,扁平管理,五险一金",2年以上经验,公司地址：北京市海淀区西三环北路89号中国外文大厦A座7层702,"岗位职责：
1.	市场需求的调研分析；
2.	产品策划；
3.	负责产品原型设计；
4.	负责需求文档及其它无形资产申报相关材料的书写及维护；
5.	负责跟踪产品进度解答疑问、协调资源、及时反馈；
任职要求：
1.	两年以上电商网站产品策划设计经验；
2.	对电商、社交和在线教育行业有长期的观察和足够的认知；
3.	独立完成过一款发布上线上线的产品；
4.	有移动端产品与网站的设计能力；
5.	好奇心强，对互联网产品有自己的看法，嗅觉灵敏；
6.	同理心强，擅于研究用户需求；
7.	责任心强，保持一颗敬畏之心；
8.	对数据变化敏感，具备良好的分析判断能力；
9.	熟练使用Axure，Mindmanager等常用工具；
10.	有技术背景、教育产品基础的优先考虑；
11.	英语阅读水平通常的优先；

",本科及以上,年龄不限,网站端产品经理
面议," 
上海
",上海巍擎信息技术有限责任公司,公司地址：盛夏路560号507室,"年底双薪,弹性工作,五险一金,绩效奖金,发展空间大,带薪年假,定期体检,年度旅游,节日礼物,领导好,团队聚餐",2年以上经验,,"工作职责： 
1、根据产品战略、市场研究和客户需求分析，确定产品定位和目标。
2、负责产品线的规划，完成具体产品设计。 
3、研究市场趋势，针对存在问题挖掘潜在需求，提出有前瞻性的需求方案。
4、对产品线运营数据进行追踪和分析，制定优化方案并推进实施。
5、与研发团队紧密配合、协调推进项目，完成产品目标。
6、参与行业市场、竞争对手进行对比分析，并提出产品改善计划。 
 
岗位要求： 
1、2年以上产品经理工作经验。
2、熟悉产品实施过程，包括市场分析、需求分析、产品功能设计、业务流程设计、原型设计、产品可用性测试等；
3、较强的协调、沟通能力，具备团队合作精神、性格外向开朗
4、有2B的行业产品或项目经验者优先
5、熟悉Android系统、有Android平台安全相关经验者优先
                            ",本科及以上,年龄不限,高级产品经理
面议," 
上海
",上海族蚂信息科技有限公司,公司规模：50-99人,"年底双薪,股票期权,带薪年假,领导好,管理规范,岗位晋升,五险一金,节日礼物,团队聚餐",3年以上经验,公司地址：金山区林盛路136号,"工作内容：                    
1 、电子商务产品策划及开发；
2 、管理商品和服务类目的交易流程，与技术部、市场（拓展）部等相关部门之间的协作分工，以保障交易流程闭环；
3 、制定修改产品和服务的交易流程，是交易流程更符合行业规律；
4、 提供深入的市场分析、行业分析、竞品分析，并对产品类目进行调整；
5 、统计分析市场数据，并制作数据报告；
6、 与市场部、客服进行沟通，了解最新的、不断变化的市场需求；
7 、不断增加产品和服务类目；
8 、掌握产品类目的交易动态，定期制定销售报表；
9、 深入了解竞争电子商务网站的相关信息、产品和服务的市场现状；
10、 在部门内部，辅助跟踪和执行已投入市场的产品和服务项目在交易过程中遇到的问题；
11、 在部门内部，辅助提升产品市场策略、制定年度计划；
12、 帮助拓展销售渠道、搜集产品内容制作资源；
13、 培训员工简要的产品服务信息和交易流程。
任职要求：
1、本科及以上，专业不限，有电子商务类网站工作经验；
2、有过三年以上相关工作经验。.
3、至少有以下至少一项网页设计规划经验，精通AXURE软件：
   产品类展示页面规划及交易流程规划
   服务类宝贝详情规划及交易流程规划
   音乐类列表页，播放页及交易流程规划
   视频列表页，播放页及交易流程页面规划
   新闻或博客列表页及详情面规划
4、其他素质要求：能加班、能吃苦、性格开朗。

",学历不限,年龄不限,互联网产品经理
6-10万," 
温州
",浙江绿森数码科技有限公司,公司规模：100-499人,"绩效奖金,节日礼物,岗位晋升,五险一金,发展空间大,弹性工作",3年以上经验,公司地址：龙湾区高新园区高一路169号中试大楼西五楼,"1、3年以上百货、服装、皮鞋或者通讯行业采购从业经验；
2.市场洞察力，明确的知道现在市场上缺什么，用户想要什么； 
3.文字表达能力，逻辑思维能力很强，并且能够用文字合理的表达； 
4.协调沟通能； 
5.产品运营能力
                            ",大专及以上,年龄不限,产品经理
12-18万," 
广州
",联邦车网,公司规模：100-499人,"周末双休,五险一金,弹性工作,带薪年假,岗位晋升,节日礼物,领导好",3年以上经验,公司地址：广州市海珠区万胜围万胜广场C塔27层,"岗位职责：
1、负责运营数据统计，运营工具，运营后台的等支撑系统设计；
2、对接运营部门工作，配合和协助其活动策划方案落地；
3、能制定合理的版本演进路线和迭代计划；
4、负责日常运营需求管理和收集，数据分析；
任职要求：
1、良好的沟通、说服能力；
2、有互联网产品设计、运营和版本迭代经验，有经历一个或以上 完整产品生命周期 经验者优先；
3、有大型运营活动策划成功案例，或运营支撑经验者优先；
4、对产品交互，用户体验有自己的理解和判断准则；
5、良好的业界视野和商业触觉，对行业现状和未来发展有自己独到的理解和判断；
6、优秀的数据分析和逻辑推演能力；
                            ",大专及以上,年龄不限,产品经理
12-17万," 
北京
",北京泰迪熊移动科技有限公司,公司规模：100-499人,"股票期权,带薪年假,交通补助,弹性工作,发展空间大,定期体检,节日礼物,五险一金,休闲餐点,午餐补助,优秀员工奖,绩效奖金",1年以上经验,公司地址：北京市朝阳区建国门外大街88号SOHO现代城D座1111,"岗位职责：
1、负责协调公司的产品在手机厂商的方案销售、上线、维护等过程。
2、协调公司资源，保质保量的完成项目和版本管理工作。
3、推进促成新的产品形态与客户需求之间的融合，并将之落地。
岗位要求：
1、有乙方心态，能够深入了解对方的需求和需求的出发点。
2、需要有产品经理的各项技能，能够理解公司产品，并相应的制定推进策略及与客户沟通。
3、良好的沟通能力，并且有责任心，对结果负责。
4、有手机厂商或者类似经验者优先。 

",本科及以上,年龄不限,产品经理
18-30万," 
上海
",上海鱼耀金融信息服务有限公司,公司规模：100-499人,"年底双薪,带薪年假,定期体检,弹性工作,年度旅游,免费班车,领导好,扁平管理,技能培训,岗位晋升,五险一金,发展空间大,团队聚餐,节日礼物,管理规范",3年以上经验,公司地址：长宁区金钟路607号统一企业广场D区5楼,"岗位职责：
1、从数据角度透视整体公司业务，架构公司数据体系；整理各部门的报表需求，对BI报表实施过程进行跟踪，并对BI报表进行跟踪，收集意见、进行优化； 
2、从客户生命周期角度透视客户留存情况，做客户业务分析决策支持； 
3、研究业务形态、营销数据、客户行为，形成有价值的数据分析模型，并应用到业务决策中，为业务决策提供帮助； 
4、深入分析、挖掘内部业务部门的分析需求，并能够将这些需求，形成分析报告或固定报表，提供决策支持； 
任职要求： 
1、本科或以上学历，统计学、数学、计算机等相关专业；3年及以上相关工作经验, 银行、金融行业和大型互联网行业从业经验者优先。 
2、熟练使用office软件运用（excel、powerpoint），精通SQL、SAS、R等常用数据分析及数据挖掘工具； 
3、具有完善的逻辑思维导向，较强的数字分析能力,良好的沟通能力及书面表达能力，能够独立完成大型数据分析工作； 
4、具备建立数据分析模型的能力，对数据挖掘方法论有很深的理解，数据敏感性极高。 
5、良好的团队合作精神和沟通意识，能够承担一定的工作压力。
                            ",本科及以上,年龄不限,数据产品经理（报表）
12-18万," 
上海
",河姆渡,公司规模：100-499人,"绩效奖金,带薪年假,交通补助,通讯津贴,午餐补助,定期体检,年度旅游,节日礼物,岗位晋升,五险一金",3年以上经验,公司地址：上海浦东新区杜鹃路192号青慧谷大厦2楼,"职责概述：
负责电子商务平台消防类产品的市场调研、品类规划、产品线上展示、定价、促销政策拟定、销售分析及专业产品知识的培训等工作，对产品销售额和毛利负责。
岗位职责：
1、主要负责消防系统产品需求分析设计，市场规划、定位等；
2、据产品需求规划，完成需求分析并形成产品方案书，并完成最终产品设计；
3、负责监测、整理与分析用户需求、竞品动态与行业情况；
4、负责与研发、运营团队紧密合作，确保产品的发布；
5、负责消防系统产品需求调研、分析工作；
6、负责项目小组的开发详细计划制定；
7、负责完成上级交办的其它工作任务。
职位要求：
1、 大专及以上学历，电子、自动化、仪器仪表、计算机等相关专业毕业； 
2、 熟悉安全、消防、安防等相关行业的研发、销售、项目执行、监督管理等消防行业的产品品类、产品市场概况、产品应用等；
3、 较强商业敏锐度，逻辑思维能力强，善于预判、总结，极强的学习、创新与自我批评、管理能力； 
4、 善于与人沟通，能够在较大的工作压力下独立开展工作； 
5、 具备一定的互联网思维和互联网营销知识。
                            ",大专及以上,年龄不限,消防系统产品经理
12-24万," 
北京
",悦然心动,公司规模：50-99人,"弹性工作,扁平管理,午餐补助,五险一金,定期体检,双休",2年以上经验,公司地址：武汉市光谷创业街7栋4楼,"工作内容:
1、负责公司互联网产品营收商业模式分析和研究，制定产品营收策略；
2、提炼产品特性，主导产品功能实现，跟进产品运营，分析产品运营效果和数据；
3、探索新的产品功能和营收模式，实现用户价值和公司效益双赢；
4、关注行业信息，对竞争对手数据进行采集和分析，并提出相应的跟进措施；
5、负责对外合作拓展，有较强的沟通及协调能力。
任职资格：
1、1年以上营收类产品策划工作经验或3年以上移动互联网产品策划工作经验优先；要求提供相关案例
2、具有商业模式分析研究经验者优先;
3、具备很强的沟通能力，善于挖掘用户需求，工作细致，对商业敏感；
4、责任心强，能承受高强度的工作压力和工作节奏；
                            ",本科及以上,25-35岁,商业化产品经理
18-24万," 
北京
",人人追,公司规模：1-49人,"发展空间大,带薪年假,节日礼物,五险一金,股票期权,弹性工作,领导好,岗位晋升",3年以上经验,公司地址：北京市朝阳区东三环北路30号紫荆豪庭1座26B,"岗位职责：
1. 负责整体把控公司产品的设计、质量控制、产品上线发布以及产品的更新迭代工作；
2. 负责带领团队进行市场调研、竞品分析、深入挖掘用户需求，定义产品架构及方向；
3. 监督实施撰写详细的产品流程相关文档，组织用户进行深入沟通及原型定型；
4. 负责与各个部门沟通协作，确保产品开发进度及产品质量，保证产品按时上线发布；
5. 负责跟进产品上线后的运营推广工作，及时进行数据分析，完善产品功能，提升用户体验；
任职要求：
1.     计算机、心理学、设计类相关专业统招本科以上学历，985、211院校优先考虑；
2.     3年以上互联网产品工作经验，有知名互联网企业工作经历优先考虑；
3.     深入理解互联网行业的产品特点、模式，对用户需求、用户体验较为敏感；
4.     擅长项目管理，具备很强的执行能力、沟通能力和领导经验；
5.     精通产品交互设计的相关流程，熟悉产品设计的各种设计工具；
6.     思维活跃，富有创新精神，具备全局观与产品细节的平衡能力。
                            ",本科及以上,25-30岁,产品经理
面议," 
北京
",爱赛因斯科技,公司规模：1-49人,"年底双薪,绩效奖金,带薪年假,扁平管理,领导好,五险一金,岗位晋升",3年以上经验,公司地址：朝阳区融创动力文化创意产业园b座,"岗位职责：
1. 负责公司平台产品的整体规划和产品方案设计（偏重交互、流量增长、节点分析算法方面）；
2. 依据公司的总体战略&产品规划，负责相关系统各个功能模块的详细产品需求文档的编写；
3. 组织、协调与产品研发相关的各种资源、工作，实现产品的发展策略、目标；
4. 关注本产品线日常运营问题，提出完善本产品线的方案并实施。
任职资格：
1、本科以上学历，3年以上产品经理经验，有较强的逻辑推理分析能力；
2、对软件外包行业或了解SEO经验者优先；
3、有创业热情、愿意深入产品经方向者优先。
                            ",本科及以上,年龄不限,产品经理——交付、流量正常算法
面议," 
北京
",爱赛因斯科技,公司规模：1-49人,"年底双薪,绩效奖金,带薪年假,扁平管理,领导好,五险一金,岗位晋升",3年以上经验,公司地址：朝阳区融创动力文化创意产业园b座,"岗位职责：
1. 负责公司平台相关产品的整体规划和产品方案设计（偏重软件技术类供应商管理，供应商服务质量评定等）；
2. 依据公司的总体战略&产品规划，负责相关系统各个功能模块的详细产品需求文档的编写；
3. 组织、协调与产品研发相关的各种资源、工作，实现产品的发展策略、目标；
4. 关注本产品线日常运营问题，提出完善本产品线的方案并实施。
任职资格：
1、本科以上学历，3年以上产品经理经验，有较强的逻辑推理分析能力；
2、对软件外包行业有了解者优先；
3、有创业热情、愿意深入产品经方向者优先。
                            ",本科及以上,年龄不限,产品经理
面议," 
北京
",云袭网络发展(北京)有限公司(分支机构),公司规模：50-99人,"弹性工作,定期体检,地铁周边",5年以上经验,公司地址：朝阳区大屯里金泉广场1单元1509,"岗位职责：
1.负责商业产品-广告的产品方案设计和项目进度跟进。收集管理客户用户需求，进行市场竞品分析，制定有效的广告产品方案。
2.研究广告市场和行业发展情况，分析竞争对手及其他广告产品，制定广告产品的短期和长期发展规划、目标和策略；
3.负责对接业务销售部门的需求，通过数据分析，发现问题，挖掘可优化空间，并输出可行的解决方案，提升广告的营收同时保障用户体验；
4.负责对接技术团队制定及优化技术落地方案，并落实项目管理。
5.负责编辑BRD、MRD、PRD等商业产品及技术产品文档。
任职要求：
1.有2年以上广告投放相关工作经验（非常重要），熟悉互联网广告市场和产品
2.对数据敏感，善于从数据中找到规律并发现问题；对广告市场敏感，善于发现国内外新的广告模式，并引入到工作中；
3.拥有较强的驱动力和沟通能力，能协调多个项目推进产品方案落地；具有较强的抗压能力，承担营收相关压力。

",学历不限,25-35岁,程序化广告产品经理
面议," 
北京
",聚力传媒上海,公司规模：1000-2000人,"年终奖金,五险一金,午餐补助,公司规模大,管理规范,交通补助,年底双薪,通讯津贴,带薪年假,定期体检,节日礼物",1年以上经验,公司地址：北京市朝阳区慈云寺桥北里210号 远洋国际中心二期E座16F ,"职位描述：
负责与技术、运营、项目人员进行沟通，协调资源，跟进产品的整个设计开发进程，推动、控制、协调产品的开发与发布；
针对业务需求对CMS后台进行升级改造及功能设计，促进内容管理系统的平台化和规范化；
合相关的市场、商务部门，在产品层面面对合作类项目予以支持；
制定产品业务规范，整理及完善产品文档、业务流程及相关内容； 
完成部门交代的其他事项；
职位要求：
有1年及以上互联网产品或软件设计及项目管理经验，熟练使用axure等工具软件。
良好的沟通及需求分析能力，责任心强。  
有大型门户网站或CMS相关工作经历者优先；  
本科或以上学历，计算机、管理信息系统等专业优先；

",本科及以上,年龄不限,CMS产品经理
12-24万," 
北京
",学科网,公司规模：500-999人,"绩效奖金,带薪年假,弹性工作,节日礼物,领导好,扁平管理,生育补贴,团队聚餐,岗位晋升,技能培训,外派津贴,发展空间大,优秀员工奖,全勤奖,公司规模大",3年以上经验,公司地址：房山区良乡首发物流商务楼,"职位名称：产品高级经理/产品经理              
所属部门：策划分中心
工作汇报：中心总监王慧或二级部门经理
招聘人数：2人
福利：提供住宿，有班车
负责产品：
1.中学学科网（网校通）
2. E卷通  
3．对外合作项目
部门人员：部门现有16人，大部分为产品经理和产品策划人员，有少量编辑及运营人员，这些人员分属3个二级部门，分别是产品策划部、信息服务部、项目合作部
    岗位职责：
1.深刻理解市场和客户对产品的需求，制定短期及长期产品目标、策略和计划；
2.通过新产品设计和已有产品的优化满足市场需求，创造最大化的市场价值；
3.负责产品的完整规划，优化和完善现有流程，挖掘用户需求；
4.与技术、市场等团队密切配合，确定最佳技术实施方案及合理的执行计划；
5.在产品的设计、开发、发布、运营、培训、推广等不同阶段把握产品的方向和质量；
6.负责产品需求文档、用户手册的编写组织工作；
7.负责产品开发中需求解释以及上线后功能确认；
8.协助市场、营销等部门完成产品营销推广计划；
9.负责公司产品用户反馈监控，和公司产品的用户体验舆情监控；
10.负责竞争对手的产品跟踪分析，根据市场反馈和用户需求，不断改善产品功能。
任职要求：
1. 3年以上工作经验，具有产品策划或产品运营经验。
2. 熟悉平台类产品，准确把握用户需求，可提供切实可行的产品及运营方案；
3. 资源库、题库建设经验
4. 较强的执行力与项目管理和推动能力；
5. 具备出色的口头表达能力及沟通协调能力；
6. 工作积极主动，执行、推进力强，热爱创新；
7. 熟悉教育类平台及产品者优先。
                            ",统招本科,年龄不限,产品经理（良乡）
12-24万," 
北京
",绿欣科技发展(北京)有限公司,公司规模：100-499人,"绩效奖金,交通补助,午餐补助,定期体检,弹性工作,全勤奖,节日礼物,五险一金",3年以上经验,公司地址：北京市海淀区中关村北街127号北大科技园205,"职责描述：
1、负责移动安全业务的产品规划设计，包括竞品分析、需求设计、原型设计；
2、负责公司后续的服务和产品进度管理。
任职要求：
1、熟悉互联网/移动互联网领域主流产品，有成型产品全流程设计及实施经验；
2、对用户体验有深刻理解，能够将业务需求和用户需求转化为产品原型并加以实施；
3、原型设计能力出色，熟练撰写PRD文档，精通各类主流原型设计工具；
4、具备产品管理和项目管理能力，并有成功案例可提供；
5、2年以上互联网/移动互联网主流企业产品经理工作经验，有APP产品经验等优先。

",统招本科,年龄不限,产品经理
12-24万," 
上海
",凹凸租车,公司规模：100-499人,"发展空间大,绩效奖金,带薪年假,弹性工作,节日礼物,领导好,扁平管理,团队聚餐,五险一金,岗位晋升,技能培训,管理规范,交通补助,定期体检,公司规模大,优秀员工奖",3年以上经验,公司地址：上海市徐汇区乐山路33号交大慧谷1号楼500室,"岗位职责：
1、 负责移动客户端产品的规划与管理，撰写产品需求文档；
2、 与开发、UX、运营及市场团队紧密配合，推进产品版本迭代；
3、 跟踪产品数据与用户反馈，不断改善用户体验，提升用户留存。
 
任职要求：
1、 本科及以上学历，4年以上移动端产品工作经验，有电商、O2O或社区产品经验优先；
2、 良好的需求分析与产品规划能力，对数据敏感；
3、 责任心强，有良好的沟通协调能力；
4、 熟练使用Axure、Office等软件；
5、 有百万日活用户以上产品管理经验优先。
                            ",本科及以上,年龄不限,移动端高级产品经理
8-12万," 
北京
",新网域名解析,公司规模：500-999人,"交通补助,午餐补助,带薪年假,节日礼物,免费班车,岗位晋升,五险一金,团队聚餐,公司规模大",3年以上经验,公司地址：亦庄开发区数码庄园,"岗位职责：
1、 负责开发和跟进企业级目标客户，挖掘潜在客户需求并定期跟踪、拜访、总结，完成销售考核任务。
2、 根据客户需求，与解决方案部门合作为客户提供完善、可实施的云计算解决方案，并进行方案讲解和演示。
3、 定期维护客户，促进长期、良好、稳固的客户关系。
4、 根据客户需求和市场变化，对公司云计算产品和服务提出合理化改进建议。
5、 协调内部资源，在重大项目上协助参与客户的运营和交付流程。
任职要求：
1、  本科及以上学历，3年以上销售工作经验；有一定技术背景，计算机及相关专业优先。
2、  解决方案型销售，能够在了解客户的业务的基础上提出针对行业客户的解决方案
3、 熟悉企业IT采购流程，有大型项目的把控经验和能力；
4、 熟悉云计算领域，具备独立开发大客户的能力，有云计算相关产品销售经验者优先；
5、 有解决方案能力，善于从客户的业务出发结合解决方案来实现客户价值；
6、 有较强的沟通表达和商务处置能力；善于团队合作，有较强的抗压能力。
                            ",大专及以上,年龄不限,云计算产品销售经理
面议," 
北京
",银客网,公司规模：500-999人,"绩效奖金,带薪年假,交通补助,免费午晚餐",3年以上经验,公司地址：北京市海淀区中关村西区23号互联网金融中心15层01号,"岗位职责：
1、结合公司发展战略，实施金融资金端产品的前后端设计开发；
2、根据业务需求，撰写详细的产品设计文档和原型设计文档；
3、根据产品数据，制定产品改进目标和优化建议；
4、协调和推动UI、研发和测试，以确保产品目标实现；
5、负责产品上线以后的数据、用户行为分析，并进行BUG跟踪、收集改进意见、提供改进方案；
6、定期对相关竞品进行跟踪和分析，及时掌握竞品动态，并持续改善产品；
7、跟踪产品效果，提出设计改善方案，保证产品具有良好的使用体验。
任职要求：
1、本科以上学历，3年以上工作经验，具有金融行业经验者优先；
2、熟悉互联网产品工作流程，能够独立高效完成既定任务，能够自我驱动，能够全流程把控复杂核心产品设计，快速实现阶段性目标的达成；
3、善于学习与思考，能够迅速抓住问题的重点和节点，迅速解决问题；
4、遵循但不拘泥固有的流程和方案，知道什么是做正确的事。
5、我们需要足够聪明机灵，学历能力足够强的你。
                            ",本科及以上,年龄不限,产品经理
面议," 
北京
",客如云科技(北京)股份有限公司,公司规模：1000-2000人,"带薪年假,节日礼物,年度旅游,定期体检,五险一金,上市公司,管理规范",3年以上经验,公司地址：北京市东城区新中西街2号楼新中大厦,"岗位职位：
1.根据公司产品规划，负责聚合支付、账户体系金融产品与系统的需求调研、分析，撰写相关的产品文档；
2.负责协调研发及公司其它相关部门人员，完成支付产品建设和运营上线；
3.完成产品相关项目和工作的推进，并负责积极协调相关部门，及时跟进产品端到端的实施；
4.通过对产品核心数据、行业数据、用户数据等信息的收集和分析，挖掘出产品优化改进的策略；
5.关注业界动态和客户对于产品各项功能的反馈，研究行业发展趋势，对现有产品持续优化改进升级。
任职要求：
1.全日制本科及以上学历，金融、计算机、管理等相关专业；
2. 三年以上工作经验，其中一年以上第三方支付、银行或者其它银行卡收单相关行业经验；
3.熟悉聚合支付产品业务流程，能够很好协调好市场、业务、开发、测试、财务、清算等各方工作，有钱包产品设计经验者优先；
4.熟练使用常用办公软件，熟练使用visio、axure等软件。
5. 具有强烈的责任心及抗压能力。
                            ",统招本科,年龄不限,支付产品经理
10-12万," 
珠海-香洲区
",珠海爱加爱科技发展有限公司,公司规模：50-99人,"年底双薪,绩效奖金,带薪年假,年度旅游,领导好,五险一金,发展空间大",3年以上经验,公司地址：九洲大道中海大厦富华里,"岗位职责： 
1、负责产品的规划、对接，保障产品用户价值实现，包括用户需求分析、市场和竞品分析、产品功能的设计等； 
2、协调资源推动产品功能实施，跟进项目的进度，与内外部团队有效沟通，提高项目整体质量； 
3、负责产品上线后的跟踪优化和运营数据工作，持续推进产品优化能实施，跟进项目的进度； 
4、用户需求调研和用户使用行为分析； 
5、负责与协助产品上线以后的改进， 跟踪、收集改进意见、提供改进方案还有产品售后问题；
                            ",本科及以上,年龄不限,产品经理
12-18万," 
上海
",海天下网络科技有限公司,公司规模：50-99人,"五险一金,团队聚餐,发展空间大",5年以上经验,公司地址：普陀区金沙江路1518弄2号近铁城市广场北座,"岗位职责：
1、制定所负责产品的战略计划包括产品的设计、开发管理和实施，及后期的市场营销；
2、寻找新的应用以促进产品的销售并延长产品生命周期；
3、负责公司内部与生产该系列产品相关的职能部门间的协调工作。
4、依据产品特性及卖点，制定、执行产品行销策略，提升品线销售业绩及市场占有率。
5、与销售团队、市场推广团队紧密合作执行并监督新产品的发布活动；
任职要求：
1、大专及以上学历，市场营销、管理类、广告类或相关专业优先考虑；
2、熟悉公关媒体品牌推广运作，具有出色的品牌策略能力及整合传播技巧；
3、品牌意识强，具有出色提案能力和沟通技巧,有大型相关策划实务操作经验及成功品牌策划案例；
4、对市场有灵敏的触觉和较强的资讯搜集能力,能独力操作品牌营销工作。
5、有生鲜专业背景或经验者优先考虑。
                            ",大专及以上,年龄不限,产品经理
10-18万," 
北京
",北京此时此地信息科技有限公司,公司规模：1-49人,"五险一金,扁平管理,领导好,节日礼物",3年以上经验,公司地址：百子湾路29号院,"广告产品经理
岗位责任：
1、负责公司新产品广告形态的设计和创新，包括但不限于：售卖机制、展现形态、策略设计等；
2、与开发、UX、商务等部门紧密合作, 探索新的变现场景和形式；
1、adexchange、DSP、媒体或互联网广告产品经验。
2、熟悉广告商业化价值逻辑和业态进展及演变趋势，在技术、创意等关键方向上有深入研究；
3、具有敏锐的市场嗅觉，有媒体广告变现经验；
4、数据驱动：对数据分析，分析工具有深入理解和经验，并有能力独立深入挖掘数据，发现机会、解决问题；
5、以上三点至少具备两点，互联网技术广告公司、广告数据分析类公司从业经验优先。
                            ",本科及以上,25-40岁,广告产品经理
18-30万," 
上海
",上海鱼耀金融信息服务有限公司,公司规模：100-499人,"年底双薪,带薪年假,定期体检,弹性工作,年度旅游,免费班车,领导好,扁平管理,技能培训,岗位晋升,五险一金,发展空间大,团队聚餐,节日礼物,管理规范",1年以上经验,公司地址：长宁区金钟路607号统一企业广场D区5楼,"岗位职责：
1、负责公司风控产品线的需求分析设计、实施，以及需求文档的编写； 
2、负责产品的功能及流程验收测试，保证项目进度和品质； 
3、设计风控方向产品业务流程； 
4、风控系统的日常问题处理定位分析与跟踪； 
5、产品运营数据日常整理与分析，系统运营质量日常监控，对产品持续改进。 
任职要求： 
1、1年以上互联网金融行业或互联网相关行业工作经验，有风控系统产品工作经验优先； 
2、熟练使用SQL，可编写存储过程，可进行一定的数据分析，对相关技术知识有一定的了解； 
3、熟悉互联网金融风控产品整体实现过程，包括需求分析，方案设计，项目管理； 
4、熟练使用office，viso, Axure等工具； 
5、思维清晰，具备较强的执行力及抗压性； 
6、具有良好的团队合作精神，具备良好的团队沟通与协作能力。
                            ",本科及以上,年龄不限,风控产品经理
12-18万," 
北京
",信用宝,公司规模：500-999人,"管理规范,技能培训,岗位晋升,五险一金,节日礼物,领导好,扁平管理,发展空间大,团队聚餐,午餐补助,绩效奖金,带薪年假,子女福利",3年以上经验,公司地址：东城区东中街40号元嘉国际A座303,"岗位职责:
1、互联网金融产品的产品规划、市场调研、用户调研、需求分析、用户体验设计；
2、研究运营数据和用户反馈，开展用户研究工作，制订产品优化方案，以提升用户体验；
3、配合运营团队调整运营策略，提高服务质量和转化率；
4、承接市场、客服、运营等部门的业务需求；
5、与设计、研发团队的紧密协作，执行产品迭代计划。
 任职要求:
1、本科以上学历，3年以上互联网产品经理相关经验，有互联网金融产品经验优先；
2、至少参与过一个以上移动互联网产品的完整迭代周期；
3、一定的文档编写能力，熟练使用office、Visio、Axure、MindManager等工具；
4、热爱并关注移动互联网的新事物和用户行为变化；
5、有良好的审美观，以用户为中心的思维方式；
6、优秀的定量分析能力和严密的逻辑思维能力，出色的语言、沟通、组织和协调能力；敏锐的市场意识、良好的运营思维和创新意识。
                            ",本科及以上,25-30岁,产品经理
12-18万," 
广州
",联邦车网,公司规模：100-499人,"周末双休,五险一金,弹性工作,带薪年假,岗位晋升,节日礼物,领导好",3年以上经验,公司地址：广州市海珠区万胜围万胜广场C塔27层,"岗位职责：
1、负责运营数据统计，运营工具，运营后台的等支撑系统设计；
2、对接运营部门工作，配合和协助其活动策划方案落地；
3、能制定合理的版本演进路线和迭代计划；
4、负责日常运营需求管理和收集，数据分析；
任职要求：
1、良好的沟通、说服能力；
2、有互联网产品设计、运营和版本迭代经验，有经历一个或以上 完整产品生命周期 经验者优先；
3、有大型运营活动策划成功案例，或运营支撑经验者优先；
4、对产品交互，用户体验有自己的理解和判断准则；
5、良好的业界视野和商业触觉，对行业现状和未来发展有自己独到的理解和判断；
6、优秀的数据分析和逻辑推演能力；
                            ",大专及以上,年龄不限,产品经理（运营）
12-18万," 
北京-海淀区
",九次方,公司规模：500-999人,"五险一金,带薪年假,发展空间大",1年以上经验,公司地址：北京市海淀区王庄路清华同方科技广场D座16层,"1.负责移动端、pc端产品线的需求分析、产品规划、设计和产品生命周期管理；
2.结合用户需求和产品技术架构，完成新产品/功能的概念设计和原型展示，并协调市场、开发、运营 ；
3.完成产品需求文档，功能定义，交互设计等详细设计文档；
4.产品运营数据分析，发现用户需求，通过数据指导产品迭代，提升用户体验；
5.研究用户及市场发展趋势，提供建设性意见。
6.具有一定的金融方面知识储备，了解银行、证券、基金业务
7.工作年限1~3年
                            ",本科及以上,年龄不限,产品经理
18-30万," 
深圳-罗湖区
",智付科技集团有限公司,公司规模：500-999人,"带薪年假,定期体检,年度旅游,节日礼物,领导好,扁平管理,五险一金,团队聚餐,公司规模大,休闲餐点,发展空间大,优秀员工奖,周末双休",3年以上经验,公司地址：畔山路85号叮叮电商大厦,"岗位职责：
1、根据公司的要求和市场的需求设计相关的行业解决方案，并推动各部门（商管、风控、市场、技术等）按计划完成产品的上线；
2、跟踪、观察竞争对手产品、用户情况，定期进行分析；
3、调查行业和政策导向，对业务运营给予支持，通过数据分析定位业务发展的问题，挖掘业务发展潜力； 
4、负责前端及管理后台的产品交互设计工作，包括产品原型图和流程图设计、功能需求文档撰写；
5、持续根据运营数据及用户反馈对产品进行优化和改进。
任职要求：
1、本科以上学历，3年以上相关工作经验，有互联网支付、金融产品设计经验者优先； 
2、熟悉产品实施过程，包括市场分析、需求分析、产品功能设计、业务流程设计、界面设计、用户研究和可用性测试等； 
3、具有较强的沟通能力、逻辑能力和产品设计能力，有敏锐的市场洞察力，具备较强分析能力； 
4、较强的用户需求判断、引导、控制能力，具有非常好的书面和口头表达能力； 
5、具有强烈的责任心和上进心，思维敏捷，积极主动，能承受工作压力；
6、能主动驱动自己，面对复杂情况能够独立工作。
​
                            ",本科及以上,年龄不限,高级产品经理
12-18万," 
北京
",客如云科技(北京)股份有限公司,公司规模：1000-2000人,"五险一金,岗位晋升,上市公司,休闲餐点,公司规模大,优秀员工奖,节日礼物,带薪年假,团队聚餐",3年以上经验,公司地址：北京市东城区新中西街2号楼新中大厦,"岗位职责：
1、负责公司各个产品线产品的市场化工作；
2、根据公司产品市场规划，进行亮点挖掘、文字包装、撰写案例并进行传播；
3、承接公司级各产品核心价值和卖点提炼，并进行产品包装，包装形式包括但不限于官网、宣传册、视频、PPT、图片、培训；
4、与市场部其他团队配合，完成产品内容价值传递及传播推广；
5、结合市场情况，完成行业数据搜集、分析并形成产品及竞品相关报告；
6、针对公司海外目标市场，统筹产品的本地化市场方案。
任职要求:
1、本科及以上学历，2年以上软件行业或互联网行业产品或市场工作经验；
2、优秀的品牌意识和创意策划能力，能组织产品进行市场化，包括撰写完整的策划传播方案并跟进执行，对执行的结果有明确的数据追踪。
3、能够准确捕捉产品亮点，敏锐洞悉用户的需求和变化，具备恰如其分的文字表现能力、丰富创意策划力；
4、良好的交际沟通能力和分析判断力，高度的责任感，工作积极主动，善于多部门沟通协作；
5、敏锐的市场反应及市场洞察能力，有较强的策略思考能力和逻辑思维能力；
6、良好的英文表达能力

",大专及以上,年龄不限,产品市场经理
18-30万," 
北京
",哗啦啦,公司规模：100-499人,"带薪年假,公司规模大,年底双薪,节日福利,技术大牛,互联网,外卖,B2B B2C",3年以上经验,公司地址：北京市西城区西环广场T1，22楼,"1. 打造商家自运营的外卖对接平台；
2. 负责完成产品需求文档（PRD），功能定义，交互设计等需求设计文档；
3. 规划和梳理产品需求，与设计、研发及其他部门和平台协作，推动需求上线，跟进数据分析并迭代优化。
任职资格：(不符合要求者，请勿投递)
1. 正规本科（含）以上学历；
2. 三年以上B2B/B2C大中型互联网产品经理经验，热爱互联网和O2O行业；
3. 熟悉B2B产品、外卖产品的用户体验和业务流程；
4. 同时具备2B和2C的设计经验和理解，涉猎大量同行业、同类型应用设计，并有独立、深入的理解和成功的实际应用；
5. 对交互和视觉设计有敏锐的感知和判断力；
6. 逻辑缜密，思路清晰，性格开朗；
7. 有出色的表达能力、沟通能力、执行力和自驱力。
行业标杆，高速成长， 团队活跃，平台广阔，交通便利！
前景，专注于本地生活的广泛领域——餐饮O2O；
晋升，广阔的职业发展空间，越努力你就越幸运；
氛围，那是年轻人的世界，公司营造各种交流机会；
环境，舒适高大上的办公环境，西直门地标建筑，没有雾霾还可看见西山落日。
哗啦啦期待你的加入！

",统招本科,25-35岁,产品经理
18-30万," 
北京-海淀区
",资质管家(北京)信息技术有限公司,公司规模：100-499人,"绩效奖金,带薪年假,年度旅游,节日礼物,领导好,技能培训,优秀员工奖,全勤奖,年终奖,加班费,双休",2年以上经验,公司地址：北四环西路66号中国技术交易大厦A座1210,"【关于工作】
1.直接和CEO沟通，制定产品策略，WEB端产品设计；
2.具备一定的交互和审美，配合跟进UI进行产品视觉设计；
3.对接技术，沟通需求，讨论解决方案，完成产品功能测试，项目上线等实施过程；
4.协助处理项目产品开发过程中的问题，确保开发进度及产品、设计方案的统一。
 
【关于你】
1.能够独立完成产品设计，熟练使用设计软件和撰写设计文档；
2.较好的表达能力，良好的跨部门沟通和项目协调能力，结果导向思维；
3.优秀的分析判断能力和方案设计能力，对数据敏感，具备一定的无授权领导能力和影响能力；
4.独立思考，思路清晰，心态开放，善于学习和总结。
5.具有2年以上web端产品经验，计算机相关背景，有独立项目经验
（产品方向：Web端+手机wap端）
联系人：王占佺

",统招本科,20-30岁,互联网产品经理/主管
19-30万," 
北京
",北京泰迪熊移动科技有限公司,公司规模：100-499人,"股票期权,带薪年假,交通补助,弹性工作,发展空间大,定期体检,节日礼物,五险一金,休闲餐点,午餐补助,优秀员工奖,绩效奖金",3年以上经验,公司地址：北京市朝阳区建国门外大街88号SOHO现代城D座1111,"岗位职责：
1. 负责数据产品的需求调研、数据生产方案、数据接口产品设计、数据模型/规则搭建等工作；　
2. 跟踪、分析、挖掘产品的客户需求，并能结合公司整体的业务规划，进行需求评估；
3. 跟踪协调产品研发进度，把握产品质量，协调产品的交付；
4. 制定数据运营流程并不断改进，指导运营团队持续提升数据质量
5. 制定数据产品的商业化方向，与商务团队一起实施。
任职要求：
1. 负责过数据分析、数据挖掘、数据可视化、在线数据接口相关产品经验
2. 对主流大数据产品、数据搜集方式、数据变现方式的发展趋势有深入了解；
3. 掌握数据分析技能，会用数据分析工具，总结归纳能力强
4. 具有优秀的表达、沟通与协调能力、团队合作精神、保密意识。
5. 具有一定英语水平，浏览英文网站无障碍

",统招本科,年龄不限,数据产品经理
11-20万," 
广州-天河区
",广州壹乾壹坤投资管理有限公司,公司规模：100-499人,"股票期权,绩效奖金,午餐补助,年度旅游,节日礼物,领导好,扁平管理,技能培训,岗位晋升,团队聚餐,发展空间大,优秀员工奖,在职分红,五险",3年以上经验,公司地址：白云大道北汇金广场,"岗位职责：
1、负责公司产品的调研、分析与产品设计；
2、负责公司产品的用户需求分析，产品版本管理工作；
3、协调各部门资源和支持，快速、高效推动产品的设计和研发；
4、对现有产品的可用性测试和评估，提出改进方案，持续优化产品的用户体验；
5、负责维护和更新界面设计标准和规范；负责标准和规范的实施；
6、参与界面设计流程的完善和优化工作；
7、有电商、直播、ERP、微信相关产品经验优先。
岗位要求：
1、熟练使用各种原型工具，能制作prd等产品文档；
2、良好的语言和口头表达能力，较强的沟通协调能力；
3、2年以上互联网产品经理工作经验,有O2O产品经验优先，具有产品前瞻性思考能力及强烈的创新意识；
4、热爱互联网产品，能独立进行相关产品设计、规划及项目跟进，web产品及移动产品设计能力、表达沟通能力；
5、良好的跨团队协作能力，与各部门人员密切合作。
我们给予的：
1、每月除月薪外，还可以享受丰厚的奖金；
2、入职当月即购买社会保险，每月会有员工经费供员工零食及咖啡等；
3、公司实行股权激励制度，争取所有员工都是公司的股东；
4、优美安静的工作环境，处于广州的黄金地带；
5、有激情昂扬的团队，带领你冲锋高薪的巅峰；
6、每年有1-2次员工旅游；
7、实行五天八小时工作制；
8、年底会有让你惊喜交集的联欢晚会，奖品更是让你无比惊喜。
     加入我们的团队，相信不会让你失望，带给你的只会是惊喜，让你领略电商行业的巅峰，让你领略真正的高收入，有时间就到我们公司看看吧，我司是否合适你，只有看了谈了才知道，随时欢迎您的到来......
                            ",大专及以上,年龄不限,产品经理 (电商)
10-20万," 
北京-朝阳区
",北京币码网络科技有限公司,公司规模：1-49人,"弹性工作,五险一金,带薪年假,技能培训,团队聚餐,年终奖金,生活补助,岗位晋升,交通补助,通讯津贴,团建活动",2年以上经验,公司地址：北苑路170号凯旋中心C座2006,"岗位职责：
1、负责公司运营的平台的功能优化，跟随团队一起拓展新的业务发展方向。
2、负责产品需求调研，挖掘、把握、引导客户及市场需求。
3、负责市场竞品分析，了解分析市场同类产品优劣，挖掘竞争优势。
4、负责需求分析，原型设计，完成产品的功能设计、规划方案、商业模式。
5、协助技术团队进行项目管理并完成产品规划。
6、负责对项目进行持续改进，分析产品运营数据，研究产品发展趋势及迭代方案。
7、关注互联网、电商行业发展，对新应用和新技术较敏感，对业界发展趋势有独到见解。
任职资格：
1、本科以上学历，2年以上互联网产品工作经验，有ToB方向产品设计经验优先，熟练使用PPT/Word/Visio/Axure等软件工具。
2、曾经组织过或者完整参与过产品的设计、研发、推广、优化的完整过程。对网站交互设计、用户体验、界面有较强的把控经验。
3、具有丰富的产品想象力，创新能力以及逻辑思维能力，深度理解用户需求和市场现状。
4、具备熟练的数据分析、总结能力，能够通过各种数据的收集、归纳、分析，对产品的设计进行及时的调整及改进。
5、具备很强的沟通技巧，与研发、市场、运营等团队成员开展有效沟通。
6、工作积极，有上进心，能吃苦耐劳。
                            ",本科及以上,年龄不限,产品经理
21-42万," 
北京
",新浪微博,公司规模：500-999人,"平台大,技术氛围好,发展空间大,核心项目",1年以上经验,公司地址：北京市海淀区西北旺东路10号院8号楼新浪总部大厦,"岗位职责：
1. 通过用户搜索行为研究，发掘产品优化改进点，并推动执行，不断改进微博搜索热门文章模块体验，提升模块各项数据指标；
2. 通过数据分析，规划和制定热门文章搜索相关的策略逻辑。
3. 主要方向（包含但不限于）：需求分析、数据分析、策略制定。
岗位要求：
1. 有一年以上搜索策略产品或资讯产品经验
2. 计算机或理工科专业背景优先；
3. 对产品工作抱有极大热情，对搜索领域有很大兴趣；
                            ",本科及以上,年龄不限,搜索产品经理（热门文章方向）
10-20万," 
上海
",钢银电子商务,公司规模：2000-5000人,"公司规模大,五险一金,定期体检,带薪年假,交通补助,午餐补助,领导好,管理规范,优秀员工奖,发展空间大,绩效奖金,节日礼物,技能培训,岗位晋升,车辆津贴,子女福利",1年以上经验,公司地址：上海宝山区园丰路68号,"任职资格：
1、负责后端和终端产品的功能设计；
2、负责产品相关文档撰写并编写用户手册；
3、负责对后端和终端产品进行持续优化，提升内部运营效率；
4、平台产品实施的过程管理、跨部门合作，沟通及收集反馈，并协调资源确保产品顺利发展；
5.收集和跟踪已上线系统的用户反馈，在分析和论证后，制定后期改造计划；
6.负责新需求上线前的检查工作。
任职要求：
1.本科及以上学历，工作2年及以上，互联网行业或仓储行业产品相关工作背景优先；
2.熟悉需求调研方法，较强的业务流程及业务模型分析设计能力；善于控制需求，进行版本范围及项目范围管理；丰富的沟通经验，能快速把握需求的核心要点；
3.熟悉软件工程理论，掌握产品需求获取与分析方法；
4.具有较强的逻辑抽象分析能力，敏锐的业务需求分析和业务数据建模能力，熟悉axure、visio等相关原型、建模工具者优先；
5.有较强的团队协作精神，有效的沟通技巧，在团队协作中具有精炼思维和解决复杂问题的能力，具备良好的学习能力。
福利待遇：
1、带薪培训：系统化培训体系，新员工带薪培训；
2、社会保险：提供完整的五险一金；
3、各类补贴：享受员工的交通补贴、午餐津贴等；
4、法定假日：法定节假日礼品及祝福；
5、生日祝福：员工生日的礼物及祝福活动；
6、班车服务：免费提供6条不同线路的班车上下班；
7、带薪年假：按照劳动法实行带薪年休假制度；

",本科及以上,年龄不限,产品经理
12-18万," 
上海-杨浦区
",荣开贸易,公司规模：100-499人,"带薪年假,领导好,五险一金,发展空间大",经验不限,公司地址：上海杨浦区杨树浦路1056号滨江国际1号楼3楼,"岗位职责
1）负责网站及APP产品的规划与设计；
2）推动、控制、协调产品的开发与发布；
3）对行业及竞争产品的分析，跟踪最新发展趋势，并提交分析报告；
4）对产品市场推广、商业合作、销售策略提出建议。
5） 进行用户需求调研和使用行为分析，并能提炼需求，做出产品定位，规划，设计开发和运营维护；
？
岗位要求：
1） 3年以上产品管理经验，逻辑性强，有推动力，聪明，有敏捷开发经验优先考虑；
2） 具备良好的协调能力，会整合调动资源，较强的数据分析能力，独立思考；
3） 具备强烈的责任心。
                            ",学历不限,年龄不限,产品经理
面议," 
北京
",兰亭集势,公司规模：1000-2000人,"定期体检,午餐补助,带薪年假,公司规模大,全勤奖,发展空间大,五险一金,技能培训,岗位晋升,管理规范,节日礼物,上市公司",3年以上经验,公司地址：北京市朝阳区酒仙桥北路7号彩虹路电通广场2号楼D区,"岗位职责：
1、负责电子商务运营支持信息系统的规划和设计，包括ERP方向和供应链方向；
2、分析业务需求，梳理系统逻辑，撰写详细的产品需求说明书；
3、协调和推动研发和测试环节，以确保产品目标实现；
4、协调和推动产品在运营环节的实施；
5、根据产品上线后的数据表现，制定产品改进目标和优化建议，不断迭代；
6、定期对同业产品和应用进行跟踪和分析，及时掌握行业动态。
任职要求：
Must have
1.本科以上学历（硕士优先），计算机、软件工程相关专业优先
2. 要求3-5年管理软件或电子商务网站工作经验
3、精通生产运作管理和供应链管理的基础理论及最佳实践；
4、思路清晰，逻辑分析能力强，对数据敏感；
5、良好的需求分析能力和产品需求文档的撰写能力，精通信息系统分析和软件工程；
Prefer to have:
具有软件编程能力和经验优先
                            ",统招本科,年龄不限,ERP高级产品经理
12-18万," 
上海-杨浦区
",荣开贸易,公司规模：100-499人,"带薪年假,领导好,五险一金,发展空间大",经验不限,公司地址：上海杨浦区杨树浦路1056号滨江国际1号楼3楼,"岗位职责
1）负责网站及APP产品的规划与设计；
2）推动、控制、协调产品的开发与发布；
3）对行业及竞争产品的分析，跟踪最新发展趋势，并提交分析报告；
4）对产品市场推广、商业合作、销售策略提出建议。
5） 进行用户需求调研和使用行为分析，并能提炼需求，做出产品定位，规划，设计开发和运营维护；
？
岗位要求：
1） 3年以上产品管理经验，逻辑性强，有推动力，聪明，有敏捷开发经验优先考虑；
2） 具备良好的协调能力，会整合调动资源，较强的数据分析能力，独立思考；
3） 具备强烈的责任心。
                            ",学历不限,年龄不限,产品经理
面议," 
北京
",兰亭集势,公司规模：1000-2000人,"定期体检,午餐补助,带薪年假,公司规模大,全勤奖,发展空间大,五险一金,技能培训,岗位晋升,管理规范,节日礼物,上市公司",3年以上经验,公司地址：北京市朝阳区酒仙桥北路7号彩虹路电通广场2号楼D区,"岗位职责：
1、负责电子商务运营支持信息系统的规划和设计，包括ERP方向和供应链方向；
2、分析业务需求，梳理系统逻辑，撰写详细的产品需求说明书；
3、协调和推动研发和测试环节，以确保产品目标实现；
4、协调和推动产品在运营环节的实施；
5、根据产品上线后的数据表现，制定产品改进目标和优化建议，不断迭代；
6、定期对同业产品和应用进行跟踪和分析，及时掌握行业动态。
任职要求：
Must have
1.本科以上学历（硕士优先），计算机、软件工程相关专业优先
2. 要求3-5年管理软件或电子商务网站工作经验
3、精通生产运作管理和供应链管理的基础理论及最佳实践；
4、思路清晰，逻辑分析能力强，对数据敏感；
5、良好的需求分析能力和产品需求文档的撰写能力，精通信息系统分析和软件工程；
Prefer to have:
具有软件编程能力和经验优先
                            ",统招本科,年龄不限,ERP高级产品经理
28-42万," 
深圳
",环球人脉网,公司规模：1-49人,"年底双薪,发展空间大,带薪年假,节日礼物,年度旅游,领导好,五险一金,团队聚餐,岗位晋升,绩效奖金,交通补助,午餐补助,通讯津贴,扁平管理,技能培训,股票期权",3年以上经验,公司地址：南山区学府路软件产业基地1栋A座1101号,"1、本科或以上学历，3年以上互联网产品工作经验，有金融类移动端产品经验者优先； 
2、严密的逻辑思维和扎实的数据分析能力，能够敏锐地从数据中发现总结问题，用数据说话； 
3、关注互联网行业资讯，思维活跃，勇于创新，持续学习能力强； 
4、具有良好的沟通表达能力，能够跨部门协调推动项目；
                            ",统招本科,年龄不限,高级产品经理
24-36万," 
北京
",北京好租科技发展有限公司,公司规模：500-999人,"岗位晋升,发展空间大,年底双薪,带薪年假,扁平管理,节日礼物,六险一金",3年以上经验,公司地址：北京市海淀区东北旺南路57号八维研修学院,"岗位职责：
1、负责“好租资产”前端产品线（PC&WAP）的需求规划及迭代；
2、深入了解商业地产行业，关注产品线上运营状况，持续收集用户需求并开展市场调研，提出产品改进建议及计划，不断完善产品功能及用户体验；
3、原型设计、需求文档，跨部门沟通推动产品上线并持续改进，确保用户体验整体设计质量，完整跟踪产品生命周期。
任职要求：
1、3年以上产品经验；有知名互联网公司前端工作经验者优先；
2、善于分析和了解用户心理，数据敏感度及分析能力强；
3、互联网的新产品保持持续关注，善于交流，逻辑思考能力强，乐于思考并注重工作效率及团队协作。
                            ",本科及以上,年龄不限,高级产品经理
18-24万," 
深圳
",深圳中银华融金融控股有限公司,公司规模：1-49人,"绩效奖金,带薪年假,领导好,五险一金,岗位晋升,休闲餐点,管理规范,节日礼物,团队聚餐,发展空间大,定期体检",3年以上经验,公司地址：福田区益田路4068号卓越时代广场2809,"职责描述：
-负责资产端产品的市场需求及发展趋势研究分析，制定资产端产品市场规划；
-根据市场及特定客群需求，组织协调各相关部门进行产品、政策、流程的设计，并完成规范完整的借款产品方案；
-负责接收相关业务部门的产品需求，进行市场评估和可行性分析，并组织协调各相关部门开发新产品或定制渠道专属的金融解决方案；
-负责资产端产品的推广、执行和培训，并对借款端产品运作情况进行跟踪管理； 
-其他与资产端产品相关的工作，及协同完成产品部的其他工作。
注：资产端产品包括但不限于个人借款、中小微企业借款及合作渠道资产等，同时涵盖线上借款（PC端和移动端）及线下借款。
职位要求：
-大学本科以上学历，金融、经济、会计等相关专业； 
-有三年以上（高级产品经理需五年以上）银行或其他非银行金融机构相关经验，有金融贷款类产品经理从业经验者优先； 
-较熟悉授信相关法律法规、部门规章和监管要求； 
-能独立思考，逻辑思维能力强； 
-有志于投身P2P行业，相信“用技术改变金融”的理念； 
-有高度的热情和责任心，有较强的抗压能力；
-具有良好的敬业精神和职业道德，无违纪违规等不良记录，乐于奉献和团队合作，善于沟通，具有良好的人际交往能力。
                            ",统招本科,年龄不限,金融产品经理
面议," 
北京
",北京留呗科技有限公司,公司规模：1-49人,"股票期权,带薪年假,互联网,交通补助,年度旅游,发展空间大,五险一金,领导好",3年以上经验,公司地址：东城区香河园一号院当代MOMA T5-1802,"职责描述：
1、挖掘和把握用户对互联网金融服务及支付应用产品的各层次需求，并在各业务场景中进行应用，不断推出促进公司业务发展；
2、负责产品的前期调研、规划和设计，设计包括功能定位、框架设计和交互设计；负责公司金融产品的需求分析、系统规划和设计；
3、参与核心代码的设计和编写；
4、协同研发团队，推动保证产品的研发上线和优化迭代，并确保产品的研发整体进度；
5、对日常数据进行跟踪和研究，定期分析运营效果，掌握平台运行状况；
任职要求：
1、大学本科以上，有金融、数学、经济相关学科或行业背景者优先；
2、三年以上互联网金融或支付类产品设计及产品管理相关经验；
3、熟悉第三方支付产品应用及集成流程，有实际产品设计研发经验的优先；
4、熟悉互联网金融产品的设计和应用，有供应链金融工作经验的优先；
5、强大的需求设计、捕获、分析与管理能力，能输出高质量的业务需求及系统需求文档，并精通产品原型设计工具，如Axure、Visio；
6、了解互联网产品研发流程，能够很好协调好市场、业务、开发、测试等各方工作；
7、热爱互联网，关注互联网的新事物和用户行为变化，具有敏锐的市场意识、良好的运营思维和创新意识；
8、优秀的定量分析能力和严密的逻辑思维；出色的语言、沟通、组织和协调能力；
9、精通产品原型设计工具，如Axure、Visio或者PPT的StoryBoard；
                            ",本科及以上,年龄不限,产品经理
18-24万," 
北京
",北斗导航位置服务(北京),公司规模：50-99人,"绩效奖金,交通补助,通讯津贴,午餐补助,定期体检,弹性工作,节日礼物,团队聚餐,国企三级,休闲餐点,试用期全薪,五险一金,带薪年假,扁平管理,领导好,防暑降温费",5年以上经验,公司地址：北京市海淀区知春路27号量子芯座2001-2006,"岗位职责：
1、组织公司新产品的落地工作，协调各方资源解决新产品落地过程中的问题，促进产品的快速顺利落地。
2、及时跟踪、整理产品的使用反馈，主动发现现有产品中存在的不足，提出相应改进需求。
3、对现有产品进行日常的数据采集、数据监控、统计和分析，对客户、用户的需求进行有效分析，并提出改良建议。
4、定期调研、收集及评估客户/用户的需求与建议，解答产品问题，根据产品效果的反馈及分析，进行产品解决方案的完善，提出产品改善建议；寻找产品的改进点和机会点，推动产品升级迭代。
5、对产品出现的问题（包括：与自行车相关的软硬件产品）进行跟踪分析和报告，会同产品研发部门、产品制造商，对产品进行持续优化。
6、理解业务、产品运作逻辑，及时发现业务流程中存在的问题，进行原因分析，提出解决方案并与业务部门沟通达成共识，并监控实施效果，提高产品运营的效率。
7、优化、完善产品相关资料文档，包含业务流程、操作规范、指导手册、培训课件等，负责产品的培训及答疑，给予执行建议及指导。
8、领导交办的其他事宜。
任职要求：
1、五年以上平台类产品需求分析、项目管理、产品运营相关工作经验；
2、本科以上学历，计算机、项目管理等相关专业；
3、熟悉需求调研与分析的相关方法论，具备良好的产品需求分析能力、敏锐的数据感知力、严密的逻辑思维能力，能够挖掘业务的深层次需求，分析并解决问题；
4、具有较强的项目管理及组织协调能力，能够牵头组织项目实施，有效完成跨部门及产品线的协作。

",本科及以上,年龄不限,产品经理
18-36万," 
杭州-滨江区
",杭州阿拉丁数字技术有限公司,公司规模：500-999人,"交通补助,午餐补助,五险一金,领导好,节日礼物,发展空间大,全勤奖,公司规模大",经验不限,公司地址：江陵路2028号星耀城1期1幢2302室,"岗位职责：
1、负责核心交易系统、收银台的整理和搭建
2、负责第三方支付渠道的接入及路由优化设计
3、负责清结算系统的设计改进
4、负责支付条线产品需求的分析、设计、沟通协调，确定需求
任职要求：
1.本科及以上学历，大学本科及以上学历，社会学、心理学、市场营销专业优先
2.具有良好的结构化思考能力、逻辑能力，能将问题化繁为简
3.高效的团队协作精神，强大抗压能力，强烈的自我驱动和自我学习能力
4.具备系统化思考和设计能力，具备业务及系统规划经验，较强的逻辑思维能力及分析设计能力
5.对产品发展趋势有良好的判断能力对产品和市场有优秀的洞察力
6.具有良好的沟通与语言表达能力，良好的团队协作、执行力与学习能力，以及产品相关文案的撰写能力
7.至少3年以上相关互联网产品工作经验，有互联网金融产品经验者优先
                            ",本科及以上,年龄不限,产品经理
7-10万," 
深圳-南山区
",武汉微思敦网络技术有限公司,公司规模：100-499人,"五险一金,岗位晋升,技能培训,扁平管理,领导好,带薪年假,绩效奖金,发展空间大,优秀员工奖,全勤奖,午餐补助,通讯津贴,交通补助,节日礼物,出国旅游,管理规范",1年以上经验,公司地址：高新南九道9号威新软件园2号楼502室,"职责描述：
1.负责DSP产品的运营工作
2.跟踪分析数据并做出运营指引
3.负责与需求方的沟通跟进
任职要求：
1.本科毕业，1年以上互联网运营经验
2.良好的数据分析能力，数据意识
3.良好的沟通能力推进能力
                            ",统招本科,年龄不限,产品运营经理
面议," 
北京
",联动优势,公司规模：500-999人,"年底双薪,绩效奖金,带薪年假",3年以上经验,公司地址：北京市海淀区学院南路12号京师科技大厦,"岗位职责:
1.负责通用产品部移动端业务产品设计和项目研发管理工作；
2.负责通用产品部商户侧入口产品需求设计及迭代工作；
3.负责支付业务中间商业务受理入口需求设计及迭代工作；
4.负责配合线上线下支付及增值业务在前端受理平台需求落地。
任职资格:
1.具备移动客户端及WEB平台类产品相关工作经验3年以上；
2.具备支付业务工作背景，计算机专业背景优先；
3.具备良好的沟通协作能力，能够独立输出PRD相关文档，熟练使用产品相关工具；
4.具备较强的学习能力和适应能力，敏锐的市场观察能力，能够承担压力对结果负责。
                            ",学历不限,年龄不限,产品经理(000869)
11-14万," 
广州
",广东卖道贸易有限公司,公司规模：100-499人,"发展空间大,五险一金,领导好,休闲餐点,管理规范,带薪年假,午餐补助,全勤奖",2年以上经验,公司地址：番禺厦滘岭南电子商务园一街五楼35号,"岗位职责：
1、负责集团产品服务（如电子商务平台、合作商等）的用户需求调研、产品开发立项；
2、参与产品生命周期的各个环节，完成产品的规划、产品流程和交互设计，上线后跟进数据分析，持续优化和完善现有产品功能；
3、具备良好的行业嗅觉和产品分析意识，设计具有创新思维的移动购物平台；
4、跨部门沟通和协调，推动产品功能的实现和上线，对整体效果负责；
5、按时完成领导交办的其他工作事项。
岗位要求：
1、2年及以上产品工作经验，具备O2O产品经验者的优先；
2、大学本科以上学历，电子商务、市场营销等相关专业为佳；
3、具有较强的逻辑能力、产品设计和文档编写能力，能发现事情的本质，做事认真严谨，对数据敏感，具备较强数据分析和产品运营能力；
4、熟悉互联网产品整体实现过程，包括需求分析，方案设计，项目管理等；
5、具有良好的沟通能力、团队合作精神。
                            ",本科及以上,年龄不限,产品经理
10-18万," 
上海
",钢银电子商务,公司规模：2000-5000人,"公司规模大,五险一金,定期体检,带薪年假,交通补助,午餐补助,领导好,管理规范,优秀员工奖,发展空间大,绩效奖金,节日礼物,技能培训,岗位晋升,车辆津贴,子女福利",1年以上经验,公司地址：上海宝山区园丰路68号,"任职资格：
1、负责后端和终端产品的功能设计；
2、负责产品相关文档撰写并编写用户手册；
3、负责对后端和终端产品进行持续优化，提升内部运营效率；
4、平台产品实施的过程管理、跨部门合作，沟通及收集反馈，并协调资源确保产品顺利发展；
5.收集和跟踪已上线系统的用户反馈，在分析和论证后，制定后期改造计划；
6.负责新需求上线前的检查工作。
任职要求：
1.本科及以上学历，工作1年及以上，互联网行业或仓储行业产品相关工作背景优先；
2.熟悉需求调研方法，较强的业务流程及业务模型分析设计能力；善于控制需求，进行版本范围及项目范围管理；丰富的沟通经验，能快速把握需求的核心要点；
3.熟悉软件工程理论，掌握产品需求获取与分析方法；
4.具有较强的逻辑抽象分析能力，敏锐的业务需求分析和业务数据建模能力，熟悉axure、visio等相关原型、建模工具者优先；
5.有较强的团队协作精神，有效的沟通技巧，在团队协作中具有精炼思维和解决复杂问题的能力，具备良好的学习能力。
                            ",统招本科,年龄不限,后端产品经理
20-39万," 
杭州
",杭州腾展科技股份有限公司,公司规模：50-99人,"带薪年假,五险一金,出国旅游,绩效奖金,弹性工作,年度旅游,节日礼物,扁平管理,团队聚餐,优秀员工奖,休闲餐点,全员持股",3年以上经验,公司地址：杭州市西湖区万塘路252号计量大厦,"岗位职责：
1、负责公司产品业务数据方面产品的需求分析、产品规划及设计；
2、负责分析和挖掘产品，找到关键问题，制定阶段目标、产品关键指标，提出产品改进优化思路和方向。
3、能主导和推进产品优化的落地，负责协调开发、设计、测试合作完成产品功能的落地;
4、关注用户对于产品各项功能的反馈，制定迭代计划，不断优化增强用户体验。
任职资格：
1、本科以上学历，2年及以上移动互联网产品经验；
2、深入了解产品的研发和运营流程,熟悉用户体验、交互设计理论知识，思维开放、善于进行创新。
3、具备严谨的逻辑思维能力和数据分析能力，有快速迭代和打磨优化产品的经历。
4、专业的项目管理能力和时间管理能力，有很强的沟通表达能力和团队合作精神，能推进产品解决方案，有主导落地的意识、具有创业激情，能承受一定的工作压力。
5、对移动App客户端软件UI、UE有非常出色的经验积累，独立负责过完整的移动App的产品设计工作。
6、有大数据分析和建模经验者优先。
                            ",本科及以上,25-35岁,移动产品经理
24-30万," 
上海-浦东新区
",上海冰鉴信息科技有限公司,公司规模：100-499人,"交通补助,午餐补助,五险一金,团队聚餐,带薪年假,发展空间大",1年以上经验,公司地址：商城路618号良友大厦4楼B207,"冰鉴信息科技有限公司是一家金融高科技公司，创立于2015年初，总部位于上海，并在中国和美国设立了多家分公司。公司专注于使用机器学习算法和大数据相关技术，创新地对小微企业和个人进行360度的全方位信用评估，并在该领域处于绝对的国际和国内领先地位。公司正处于高速发展阶段，将为员工提供良好的成长空间及有吸引力的回报。
工作职责：
1、参与产品规划，并负责编写相关产品需求说明书和原型设计；
2、跨部门沟通和协作，整合资源，推动产品开发、测试、验收和发布；
3、参与相关产品开发项目周期和进度把控；
4、参与产品上线后产品优化和迭代，根据客户需求对标准产品进行定制化调整，满足客户业务发展需求；
职位要求：
1、有一年以上互联网金融、小贷、信托、银行等机构产品设计相关工作经验；
2、具备良好的沟通能力以及人际交往能力；
3、本科及以上学历，金融、计算机相关专业优先；
                            ",本科及以上,年龄不限,产品经理
12-18万," 
深圳-龙岗区
",深圳市尼罗河移动互联科技有限公司,公司规模：1000-2000人,"股票期权,专属工作餐,扁平管理,节日礼物,团队聚餐,发展空间大",5年以上经验,公司地址：横岗街道六约社区深坑工业园祥达利创意园三楼,"（一）岗位职责：
1、负责线上平台的运营工作，综合利用服务号、小程序、官网做好目标用户（-1~1孕产人群）的整体运营工作；
2、研究目标用户的需求，给产品和技术团队提供产品需求，跟进产品开发过程，从产品运营角度提出针对性意见和建议，制定产品运营计划；
3、通过社群运营等方式做好用户的拉新和留存，提高用户的活跃性和对平台的粘性；
4、推动针对用户的专业、针对性内容沉淀和推送，强化平台以专业和垂直内容引导用户的主要优势。
5、做好数据监控和分析，与技术和业务衔接好整体运营进度。
（二）任职要求：
1、大学本科及以上学历，5年以上互联网产品或运营经相关经历，2年以上管理经验；
2、参与过百万级用户量的项目运营，负责过重要模块的运营，或者主导过十万级用户量的运营工作，在产品运营、用户运营方面有成功经验和系统的方法论；
3、熟悉移动互联网的运营手法和工具，能根据用户类型和需求特点选择合适的产品和工具；
4、较强的数据运营思维和处理能力，良好的沟通协调、学习创新和团队管理能力；
5、有过社群类或内容类平台运营者优先。

",本科及以上,年龄不限,产品经理
14-24万," 
深圳
",elego,公司规模：100-499人,"年底双薪,绩效奖金,带薪年假,定期体检,年度旅游,节日礼物,领导好,扁平管理,管理规范,岗位晋升,五险一金,团队聚餐,发展空间大,全勤奖,书本津贴,优秀员工奖",3年以上经验,公司地址：深圳市宝安区西乡固戍航空路与顺昌路交汇处武梧桐岛立春4-5楼,"您将负责： 
1. 负责产品规划及产品发展方向的整体把握和工作部署，结合公司发展战略，全面策划及统筹产品的发展规划，明晰定位、目标、策略并落实、实施； 
2. 把握移动互联网发展趋势，分析跟踪竞争对手，定期完成分析报告或产品竞争战略和计划； 
3. 制定产品管理制度与方案；
4. 规划产品发展方向，制定产品的长期竞争策略；
5. 开展市场调研，对相关行业的发展进行调研、分析，对产品提出整改计划；
6. 管理产品开发、定价、上市的全过程，监管产品发展情况，处理产品问题；
7.准确把握市场，提供符合客户需求的产品定义、合理的价格和有效的市场建议；
我们寻找最棒的你： 
1.本科及以上学历，3年以上产品开拓经验，电子相关专业，有电子烟行业经验者优先； 
2.较强的数据分析能力和数据驱动意识，善于通过数据发现产品需求；
3.较好的市场发展趋势研究分析的能力；
4.具备较强的抗压能力和沟通协作能力；
5.大学英语四级以上或相当水平，良好的英语读写能力； 
6.有较强的语言组织和表达能力，及会使用制作PPT；
福利待遇：
1、只要您有能力，欢迎您来谈您期望的薪资及奖金；
2、五险一金、年假、各种节日福利那是基本；
3、 我们打造好玩、有趣、开心的工作氛围；
4、 我们提供开放分享的平台，来吧，提出你的idea；
5、来这里，实现你的小目标。
                            ",本科及以上,30-40岁,电子烟产品开发经理
10-18万," 
北京-昌平区
",北京若森数字科技有限公司,公司规模：100-499人,"领导好,技能培训,岗位晋升,发展空间大 ",1年以上经验,公司地址：昌平区回龙观东大街338号创客广场,"岗位职责：
1、负责平台产品线的产品规划和创意设计；
2、以用户体验为中心，有针对性地对产品进行优化；
3、通过关键指标分析APP、用户及行业调研等方法 ，梳理、规划平台产品，提高用户的忠诚度；
4、负责研究市场竞争对手的产品，并提供周期性分析汇报。负责产品的相关数据采集并根据具体业务场景及其相关数据分析研究，能够洞察业务的机会和瓶颈，帮助业务做好判断；
5、基于需求进行产品设计并推动开发、测试、发布上线；
6、与运营、市场等部门协同合作，高效推动产出结果。
任职要求：
1. 本科及以上学历，1年以上社交产品或平台产品工作经验；有大型互联网公司经验者优先；
2、对用户服务体验敏感，能够发现业务中存在的问题，并给出周密的解决方案；
3、对数据敏感，能够基于业务需求进行结果导向的产品设计；
4、乐意接受有挑战的工作，沟通、执行力、协调力强，追求卓越；
5、熟练使用高保真原型工具，诸如 Sketch，Flinto 以及 Visio, Omnifgraffle 等流程工具。
                            ",学历不限,年龄不限,社交产品经理
面议," 
北京
",彩虹无线,公司规模：50-99人,"扁平管理,管理规范,岗位晋升,绩效奖金,弹性工作,带薪年假,餐交补助,休闲餐点",3年以上经验,公司地址：三元桥天元港中心B座,"职位描述:
1、负责车联网大数据产品原型及PRD；
2、研究汽车行业动态及数据需求，抽象出数据产品；
3、负责推进数据产品实施，数据平台运营、培训及推广，持续改善产品功能及用户体验；
4、结合业务和用户诉求，对数据产品的发展进行短期、中期规划。
 
职位要求：
1、熟悉数据仓库、商业智能基本理论，具备2年以上数据分析系统、报表系统设计经验；
2、具有扎实的产品设计、文档撰写功底和丰富的项目管理经验；
3、良好的数据敏感度和商业直觉，能够敏锐地捕获数据价值和产品机会；
4、强烈的责任心，良好的沟通协调能力；
5、大规模数据挖掘、hadoop平台等数据产品设计经验优先考虑。
                            ",本科及以上,25-35岁,数据产品经理
24-36万," 
北京-朝阳区
",美团点评,公司规模：10000人以上,绩效奖金,3年以上经验,公司地址：朝阳区恒电大厦,"工作职责：
-对营销活动的用户参与体验负责，持续提升用户的活动参与度；
-负责营销活动的产品设计、项目管理，高效支持运营策略落地；
-探索更好玩、更有趣的活动形式，对活动的转化率负责。
职位要求：
-思维活跃、擅长创新、追求好玩极致的用户体验；
-优秀的数据分析能力，数据驱动，并善于从数据发现问题并迭代优化；
-优秀的项目管理能力，负责能把控项目的整体节奏与风险；
-沟通能力好，善于换位思考，擅长跨团队沟通。
                            ",本科及以上,年龄不限,高级产品经理（营销方向）
12-24万," 
北京
",安家传媒集团,公司规模：100-499人,"绩效奖金,节日礼物,岗位晋升",1年以上经验,公司地址：北京市海淀区知春路1号学院国际大厦1705,"1.  岗位职责：
1）负责芝麻商服平台全过程管理，包括收集用户/客户需求、进行市场和竞争分析、制定产品规划、设计产品功能等。
2）明确目标与方向，做出清晰的规划，并拟定优先级合理的具体实施计划。
3）负责具体功能的设计，不断优化产品体验，能够撰写高质量的需求文档，并协调/推动研发团队按时完成产品开发、高质量上线。
4）负责在项目推进过程中的跨部门协调沟通工作，能够协调各资源以确保产品顺利发展。
5）负责监控产品使用情况，不断优化产品用户体验。
6）协助运营和营销团队制定销售策略和方案。
 
2. 任职要求：
1）计算机或计算机相关专业本科及以上学历 ，1年以上TOB互联网产品经验。
2）熟练使用Visio、Mindmanager、Axure等软，有较好的文字功底能够撰写高质量的需求文档。
3）具有良好的逻辑分析能力、优秀的创新意识和变革意识。
4）良好的协作意识、沟通能力、组织协调和推动能力。
5）执行能力强，乐于接受有挑战的工作；追求卓越的耐心及热情，乐观积极。
                            ",统招本科,年龄不限,产品经理
20-33万," 
北京
",北京微播易科技股份有限公司,公司规模：100-499人,"管理规范,技能培训,岗位晋升,团队聚餐,生育补贴,扁平管理,领导好,午餐补助,带薪年假,休闲餐点,发展空间大,六险一金",3年以上经验,公司地址：北京市朝阳区慧忠里卧龙小区219栋别墅东单元,"岗位职责：
1、负责微播易数据产品的设计、实施与落地，并进行相关的数据分析；
2、结合业务部门需求，制定数据产品研究方向，分析方法，进行数据模型搭建，制定行业标准和规范；
3、对竞品进行产品调研和行业分析，编写产品分析报告；
4、配合技术、销售、运营部分，完成合作项目的支持工作；
任职资格：
1、本科及以上学历，计算机、数据、统计学等相关专业优先
2、3年以上互联网产品、数据产品或数据分析经验；
3、需要有较强的学习能力、逻辑思维能力、沟通能力和组织协调能力；
4、熟练运用数据分析工具解决问题；
                            ",本科及以上,年龄不限,数据产品经理
35-49万," 
北京-朝阳区
",北京我最在行信息技术有限公司,公司规模：100-499人,"绩效奖金,定期体检,扁平管理,领导好,节日礼物,发展空间大,技能培训,带薪年假",3年以上经验,公司地址：郎园6号院3号楼,"职位诱惑：
风口行业 发展空间大 福利优厚
职位描述：
职位描述：
1、参与公司移动产品战略与发展目标的制定；
2、负责移动设备客户端产品线管理，对产品生命周期进行有效管理。包括需求收集、市场和竞品分析、制定产品规划、设计产品功能、跨部门协调沟通、线上产品监控等；
3、负责在项目推进过程中的跨部门协调沟通工作，确保产品按时完成并高质量上线；
4、参与移动产品运营，积极展开对外合作，规划产品推广与版本迭代，有效实现产品运营指标。
 
职位要求：
1、本科及以上学历，5年以上互联网工作经验，3年以上移动互联网工作经验，有知名移动产品经验者优先。
2、有下列行业经验者优先：
   * 有电商、O2O等交易类产品经验
   * 开放平台工作经验
   * 社交类产品工作经验；
3、对移动互联网和智能手机应用领域和产品发展趋势有良好的判断能力；对产品和市场有优秀的洞察力，具备产品数据分析能力；
4、逻辑思维能力强，动手能力强，掌握常用设计和分析工具并对新技术敏感；
5、具有良好的沟通与语言表达能力，良好的团队协作、执行力与学习能力，以及产品相关文案的撰写能力；
6、具有较强的责任心，对待工作富有热情，并能承受工作压力。

",本科及以上,20-40岁,高级产品经理
面议," 
北京
",中汇通联科技有限公司,公司规模：50-99人,"年底双薪,绩效奖金,带薪年假,通讯津贴,午餐补助,交通补助,节日礼物,弹性工作,岗位晋升,五险一金,领导好",2年以上经验,公司地址：朝阳区北辰东路8号北辰时代大厦2703,"岗位职责：
1.    负责市场分析、产品规划、业务流程设计、功能设计、产品优化等工作；规划所负责产品的研发前景和功能方向，参与产品战略和平台规划工作；
2.    充分了解产品需求，并对用户提交的需求仔细分析评估，制定产品需求计划，进行可行性分析和概要设计，撰写用户需求说明书，负责需求的跟踪和控制，对于合理需求要不断完善、补充到需求分析说明书中；
3.    制定产品业务规范，整理、完善产品文档，业务流程及相关内容；
4.    负责安排新增需求或变更需求的设计工作，负责检查设计工作是否遵照公司的各项设计标准，编制并上报设计阶段工作计划；
5.    与技术团队紧密配合，快速高效推动研发、运营及推广，监控产品设计至测试发布的全过程；对产品数据进行监控、分析和统计，分析影响注册转化率和投资转化率的因素；
6.    提交各项设计成果进行评审，并及时将评审中发现的问题安排整改，负责评审报告的发布，负责产品相关的知识总结、积累，负责系统培训支持；
7.    负责产品的开发质量和进度控制，保证按期保质完成开发任务；
8.    将开发中的各种文档及时整理并提交；
9.    完成上级领导安排的其他工作。
任职要求：
1.本科及以上学历，计算机、密码学、信息安全、设计专业背景优先；
2.有2-3年有以上的产品设计经验，有移动互联网从业经验者优先；
3.对新事物，新产品有敏感、喜欢琢磨、钻研新的软件、产品及服务，有一定的前瞻意识；
4.较强的协调沟通能力和高度执行力。
                            ",统招本科,20-30岁,产品经理
12-14万," 
广州-天河区
",水晶球,公司规模：100-499人,"五险一金,午餐补助,通讯津贴,节日礼物,技能培训,带薪年假,岗位晋升,弹性工作,绩效奖金,年终奖金",经验不限,公司地址： 广州市天河科韵路广州信息港C1栋十楼1001号,"岗位职责：  
1、负责网站整体运营，制定网站运营策略、方案和计划并组织执行   
2、推动各项业务发展，提升营运效益，确保运营目标的实现，对KPI指标负责  
3、统计、分析各类网站数据，提出改进方案，带领团队进行网站后期的维护及升级  
4、制订、完善、贯彻实施公司教育平台运营管理制度、流程   
5、通过网站运营提升网站价值和粘性，提高用户活跃度，提高促进公司和网站各项收入提升   
6、用户体验、业务流程等的分析和改进并参与公司教育平台的品牌、产品、市场的规划，实现公司既定目标   
7、规划网站风格、架构、功能、频道，负责团队建设、团队培训和日常工作开展等。
招聘要求：
1、有互联网运营经验，有教育行业经验者优先；
2、有自己的想法与主见，工作认真负责。
                            ",学历不限,年龄不限,产品运营经理
面议," 
北京
",和信电子商务,公司规模：1000-2000人,"年底双薪,股票期权,绩效奖金,带薪年假,弹性工作,领导好,岗位晋升,技能培训,节日礼物,年度旅游,管理规范,五险一金,扁平管理,每月生日会,团建基金,发展空间大",3年以上经验,公司地址：北京市朝阳区建国路甲92号世茂大厦C座13层,"岗位职责： 
1. 负责移动产品相关的市场需求调研、产品需求分析和规划、产品原型设计、产品交互流程设计与管理工作； 
2. 负责产品管理及项目管理，协调资源推动产品功能实施，跟进项目的进度，与内外部团队有效沟通，提高项目整体质量，达成产品目标；
3. 进行产品数据分析、收集市场反馈，进行用户行为研究，发掘并分析梳理产品需求并不断优化产品，提升用户体验，优化运营效率； 
4. 不断跟踪研究互联网及移动互联网领域的相关和类似产品，分析行业发展热点，并提出创新或改进需求。
任职要求： 
1. 全日制统招大学本科及以上学历； 
2. 3年以上移动产品经验，独立完成过大型移动应用产品设计，有互联网金融移动产品经验优先，有大型网站用户类产品的设计工作经验者优先； 
3.良好的产品基本功，对产品有深刻理解，对用户需求和产品体验敏感
4.具备良好的数据分析能力与逻辑思维，熟悉常用产品软件，掌握产品设计、需求文档撰写、数据分析等产品技能；
5.熟悉互联网行业、敏锐把握用户需求，具备创新设计能力
6.逻辑清晰，沟通能力强，责任心强，善于学习新知识和技能，热爱产品工作。

",本科及以上,年龄不限,移动产品经理
18-24万," 
上海
",上海思敦信息科技有限公司,公司规模：50-99人,"年底双薪,绩效奖金,带薪年假,扁平管理,五险一金,发展空间大",5年以上经验,公司地址：乐山路33号1号楼702室,"岗位职责：
1. 全面负责所管理的物联网电子产品系列的产品规划、项目执行、供应链开发、产品运营等工作，为产品销售提供支持；
2. 关注市场调研及竞争对手动态，定期分析市场占有份额，进行产品的进一步规划布局，提高市场份额，跟踪新产品的销售情况和质量情况，并及时做出相应的调整；
3. 对客户需求进行分析把握，定期收集与产品有关的信息，收集各个渠道对产品的意见和建议，不断发现总结细分市场用户的特征；
4. 负责产品研发和关联项目的进度跟进，各阶段的时间节点的过程管理；
5. 公司新品的产品体验及报告，竞争对手的产品体验及报告。
任职要求：
1.计算机、电子或相关专业本科以上学历，3年以上软件/智能电子/互联网产品管理或5年以上相关研发项目管理经验；
2.熟悉产品开发流程，有较强的资源整合能力及产品开发和产品协调能力；
3. 对所负责产品线用户市场需求有敏锐的分析判断能力，对行业的发展格局与趋势有明晰的了解与把握，对于产品生产加工等行业规范与认证体系了解；
4. 良好的沟通能力和逻辑思维能力
5.良好的方案编写能力
6.能承受工作压力
                            ",统招本科,25-35岁,产品研发经理
12-18万," 
杭州
",浙江欧伦电气有限公司,公司规模：100-499人,"优秀员工奖,发展空间大,包吃",经验不限,公司地址：杭州市余杭区经济开发区唐梅路17号,"1、	负责产品市场调研，研究市场技术发展趋势以了解终端客户的使用习惯，需求、竞争状况及市场资源；
2、	负责编写产品需求书，协助开发团队理解和掌握需求，协调并确保项目进度、成本、质量、规格和方案的预期达成等；
3、	负责和外包设计和内部研发团队的沟通、协调和驱动；
4、	协调跟踪与产品相关的软硬件配套（产品技术资料、相关认证、产品知识培训、市场宣传等）。
岗位要求：
1、大专以上学历，3年以上电器产品管理经验；
2、具备独立撰写产品文档的能力，熟练掌握产品需求分析、设计技巧；
3、具备清晰缜密的逻辑思维能力，出色的沟通协调能力，拥有强烈的责任心和团队合作精神，善于思考和总结；

",大专及以上,年龄不限,产品经理
10-19万," 
常州
",江苏金刚文化科技集团股份有限公司,公司规模：100-499人,"带薪年假,午餐补助,定期体检,五险一金,上市公司,扁平管理,管理规范",3年以上经验,公司地址：太湖东路9-1号,"岗位职责：
负责产品市场调研方案的计划制定及实施，组织完成产品调研、规划、研发、推广、落地等工作；
1.   负责维护自有产品体系、跟进行业产品动态，组织产品调研，全面掌握产品市场核心竞争力，梳理及拟定相应产品策略工作；
2.   负责组织产品规划、创意、研发小组，就市场情况拟定研发计划，评审产品研发可行性、制定未来产品规划方案并执行实施；
3.   负责新产品上市推广方案制定及执行工作；
4.   负责产品落地、销售渠道等前期思路方案策划及执行工作；
5.   负责应用市场手段使研发产品形成新的核心竞争力的策划及执行工作；
6.   负责产品相关资料的归档整理及跟踪工作；
7.   负责公司交办的临时性工作。
任职要求：
1.   具有游乐行业资深经验；
2.   熟悉行业各类别产品及产品优劣技术层次，有较好的创新思维及学习能力，对于产品优化方向有战略性远见，能够推测未来产品发展趋势；
3.   熟悉行业高端产品制造商及其动态；
4.   掌握市场产品调研的方法；
5.   具有较强的组织、沟通、协调能力；
6.   具有较强的演讲以及现场控制能力；
7.   积极、乐观、细心，抗压能力强。
                            ",大专及以上,年龄不限,产品经理
10-18万," 
深圳
",方直科技,公司规模：100-499人,"上市公司,股票期权,扁平管理,领导好,五险一金,岗位晋升,技能培训,团队聚餐,定期体检,弹性工作,年度旅游,节日礼物,绩效奖金,生育补贴,管理规范,发展空间大",2年以上经验,公司地址：深圳市南山区大新路198号创新大厦B栋9楼,"【岗位职责】
1、负责前期产品市场需求分析，进行同类产品市场资料的收集及行业竞争分析；
2、根据产品需求，撰写详细的产品流程设计文档、产品界面及原型设计文档；
3、负责与研发、设计、测试等部门沟通，确保协作部门对产品文档的有充分的理解。
4、协调开发人员进行开发工作，推动及协调产品的开发进度，把控项目质量；
5、收集用户反馈，分析用户行为及需求，对产品进行持续的优化和改进。
6、对产品数据进行监控，提供客户支持，提升整体产品的用户满意度；对数据进行分析和统计；
7、负责产品上市筹备工作，配合相关的宣传物料资料等设计工作；
8、制定产品的营销及运营方案，制定产品政策，制定并监督销售计划的执行。
【任职要求】
1、有丰富的互联网产品交互设计经验，对Web2.0产品有深刻理解，有成功案例；
2、有文库、资源站、互联网教育行业背景的优先；
3、出色的表达能力，文档写作能力和产品原型表现能力；能够熟练使用Axure和其他的产品原型搭建工具；
4、具备良好的数据与竞争对手分析能力，能够对自有产品提出整改计划；
5、卓越的逻辑思维与分析能力，能够很好的规划和设计产品功能、使用流程与交互体验；
6、有较强的敬业精神，责任心及良好的沟通能力和团队合作精神，具有较强的学习能力和洞察力；
7、想象力丰富，有创意、有激情。
【公司福利】
☆五险一金
☆国家法定节假日、节日活动、礼物
☆工作满一年转深圳户口机会、居住证办理
☆公司年度旅游
☆员工生日礼物
☆员工持股计划
                            ",本科及以上,20-30岁,产品经理
面议," 
北京-朝阳区
",北京易分网络科技有限公司,公司规模：100-499人,"年底双薪,定期体检,午餐补助,带薪年假,绩效奖金,弹性工作,五险一金,技能培训",3年以上经验,公司地址：建外SOHO东区B座1503,"1、参与风险控制系统产品的架构设计和功能建设，建立健全现有风险防控机制和体系；
2、全程参与风险管理模型和风控策略规则的确定、落实和执行，并对规则有效性进行分析和验证；
3、参与制定和梳理风险控制流程和风险控制措施，对用户在交易和支付的前、中、后阶段，在app产品上进行风险把控；
4、负责项目实施过程中，本部门与各部门之间的需求确认、沟通协调、资源调配、进度把控等工作，推动项目顺利执行；
5、独立完成需求分析、文档撰写、项目跟进和推动、上线验收、产品培训等相关工作。
任职资格：
1、本科及以上学历，金融、经济、计算机等相关专业优先，一年以上相关工作经验；
2、对账户安全、反欺诈反作弊、信用风险、交易风险控制具有较强的敏感度和风险防范经验；
3、精通使用常用的办公软件和项目管理软件，如office、axure、jira、xmind等。
                            ",本科及以上,年龄不限,风控产品经理
24-36万," 
北京
",北京开拓天际科技有限公司,公司规模：50-99人,"领导好,扁平管理,管理规范",5年以上经验,公司地址：北京市海淀区知春路一号学院国际大厦1501 ,"职位诱惑： 
期权激励,绩效奖金,交通便利,福利多多
任职资格：
1、统招本科及以上学历；较丰富的数据产品设计经验，至少3年程序开发经验，3年以上年互联网产品相关经验；
2、善于观察与学习，具有宽广的视野、对于兼职众包行业和商业化有自己的见解；
3、熟悉商业变现/平台系统/营销活动/商业运营的产品形态和业务逻辑（一个即可）；
4、逻辑思维好、做事细心、数据敏感、沟通和执行能力强、团队协作及组织协调能力、有较好的呈现能力。 
岗位职责：
1、负责挖掘、包装适于公司发展的数据产品规划、设计，并进行持续的改进完善等工作，促进公司对商业产品的变现能力探索，为公司带来更多的价值营收方式；
2、进行需求评估、效果预测，撰写高质量的产品需求文档，与运营、设计、技术团队密切配合，以快速迭代的方式，实现产品优化，并基于数据进行产品改进。
3、通过数据分析、用户调研等方式挖掘产品&策略升级点，迭代优化；

",本科及以上,20-40岁,大数据产品经理
14-24万," 
深圳-南山区
",星途创新,公司规模：50-99人,"五险一金,交通补助,通讯津贴,弹性工作,年度旅游",3年以上经验,公司地址：深圳市南山区科技园南区科园路与学府路交界处，卫星大厦10楼1002室,"职位要求:
1. 本科及以上学历，3年以上互联网产品运营从业经历；
2. 协助部门制定产品运营策略、方案和计划并组织执行；
3. 具备产品思维，能结合产品功能和业务提出产品运营需求；
4. 参与产品运营数据剖析，真实反应产品运营状况，为运营方向提供决策依据；
5. 研究行业市场，竞争对手分析，发现新方向、提供有建设性的建议；
6. 建立产品推广渠道，完成引流目标； 
7. 认真负责，条理清晰，耐心细致，具有较强的表达能力、文案能力，逻辑思维能力强，创新能力强；
8. 了解数据分析方法，效果评估方法，精通运营策划，用户运营，活动运营等形式；
9. 沟通能力强，掌握目标导向的工作方法。
10. 强烈的市场意识，充分理解用户需求，有数据驱动决策的意识；

",大专及以上,年龄不限,产品经理
23-45万," 
上海
",上海乐赚,公司规模：500-999人,"绩效奖金,午餐补助,五险一金,岗位晋升,领导好,扁平管理,带薪年假,年度旅游,节日礼物,团队聚餐,定期体检",3年以上经验,公司地址：浦东新区陆家嘴软件园91弄98号,"岗位职责：
1. 负责公司管理信息系统产品策划工作；
2. 需求调研、规划、开发、上线各流程跟进，对产品的质量负责；
3. 与UI、开发、测试、运营等团队紧密合作，驱动产品实施，达成目标；
4. 关注效率、管理类互联网金融产品，对产品进行快速迭代，提升产品质量。
任职要求：
1. 大学本科及以上学历，3年及以上系统产品设计经验，较强的系统设计能力；
2. 熟悉信息系统产品策划，能够独立完成产品交互原型，需求文档；
3. 具备很强的产品敏锐度，善于分析和挖掘用户需求；
4. 熟练使用axure、sketch、visio、mindmanger等产品工具，熟悉互联网产品设计和交互；
5. 工作细致，有很好的业务流程、逻辑和全局规划能力；
6. 良好的学习能力、抗压能力和沟通习惯，逻辑条理清晰，自驱动力强。
7. 有金融业管理后台系统设计和软件研发相关工作经验者优先。

",本科及以上,年龄不限,管理平台产品经理
23-30万," 
北京
",北京春播科技有限公司,公司规模：100-499人,"带薪年假,领导好,扁平管理,弹性工作,管理规范,发展空间大,绩效奖金,定期体检,发展好，潜力大,生鲜电商",3年以上经验,公司地址：北京市海淀区北四环西路52号方正国际大厦,"职位描述：
1、 主要负责采购、订单流程、供应链等相关产品线的规划管理工作；
2、 独立完成产品调研以及规划，撰写合乎产品需求、逻辑缜密的产品需求文档，推动产品研发整个过程；
3、 并通过数据和用户反馈，分析用户需求及行为，不断改进和提升产品性能；
4、 和开发、测试、UED、运营等部门紧密结合，确保产品实现进度和质量，跟踪产品的设计、开发、发布、运营等环节，确保项目按时完成和上线。
任职要求
1、专科及以上学历，3年以上电商行业产品经理工作经验；
2、熟悉ERP、供应链相关业务知识；
3、熟悉产品开发的流程,从用户的调研、需求的分析、产品的分析定位、核心功能点选取；到产品上线之后，数据的分析；
4、能够熟练使用Visio、Axure等软件工具设计系统原型和流程图；
5、具有较强的项目推进能力、组织协调能力、判断力与决策能力，优秀的沟通能力、计划与执行能力，具备突出的团队合作精神。
6、对工作充满热情，富有创新精神，能承受较大的工作压力；

",统招本科,年龄不限,ERP产品经理
面议," 
北京
",人人行科技股份有限公司,公司规模：2000-5000人,九鼎投资背景,1年以上经验,公司地址：北京市朝阳区安立路30号仰山公园东一门2号楼,"岗位职责：
1、负责移动端基础功能产品设计和优化，包括不限于用户账号、认证中心、风控鉴权、用户触达等；
2、参与借贷宝端外创新项目功能设计；
3、参与用户研究、根据需求规划产品新特性，独立输出PRD并组织评审；
岗位要求：
1、一年以上移动互联网产品经理工作经验；
2、有风控鉴权产品、微信H5或小程序产品经验优先；
3、有一定定量分析、数据分析能力优先；
4、沟通能力强，能协调合作资源并推动产品落地。
                            ",本科及以上,年龄不限,平台产品经理
10-19万," 
广州
",广东康之家药业有限公司,公司规模：500-999人,"绩效奖金,发展空间大,领导好,扁平管理,技能培训,岗位晋升,公司规模大,带薪年假,上市公司",3年以上经验,公司地址：广州市白云区永泰新村泰兴路6号电子商务创意园C1栋2楼,"岗位职责
1.负责官网PC端和WAP端的功能流程设计、原型设计，产品及栏目策划等，并撰写详细的产品PRD（产品需求）文档，提出阶段性优化迭代规划 ；
2.深度挖掘用户交易习惯，能够根据市场反馈和用户需求，不断完善官网交互流程与功能设计，持续优化用户体验流程；
3.负责药小二APP的前后台搭建、产品统筹及项目开发的跟进，根据运营和线下门店的反馈及时改进产品的方向及功能，现已增加APP用户版上线和药店版规划；
4.分析和调研市场竞品，结合公司目标策略，制定突出产品优势的方案，并推进实施；
5.协调关联方的需求，把控需求优先级，有节奏的进行需求规划和分析，提升产品核心指标；
6.协调各方面资源，跟进需求分析、产品设计、开发测试、灰度上线等工作，监控效果并持续改进；
7.负责产品团队的组建和管理。
岗位要求：
1.具有2年以上互联网公司产品相关经验，热爱电商行业；
2.具备较强的市场，用户和产品的数据分析和应用能力，能持续优化产品工作；
3.熟练运用Axure、Visio、Mindmanage、PPT等办公软件；
4.逻辑分析能力强，准确挖掘用户需求痛点，关注行业趋势、用户体验和产品细节；
5.认同公司企业文化，沟通组织和抗压能力强，能够把握各方需求，积极推进各方资源，快速迭代上线；
6.有电商或管理的经验者优先。

",大专及以上,年龄不限,电商产品经理
18-30万," 
深圳-罗湖区
",智付科技集团有限公司,公司规模：500-999人,"带薪年假,定期体检,年度旅游,节日礼物,领导好,扁平管理,五险一金,团队聚餐,公司规模大,休闲餐点,发展空间大,优秀员工奖,周末双休",3年以上经验,公司地址：畔山路85号叮叮电商大厦,"岗位职责：
1、根据公司的要求和市场的需求设计相关的行业解决方案，并推动各部门（商管、风控、市场、技术等）按计划完成产品的上线；
2、跟踪、观察竞争对手产品、用户情况，定期进行分析；
3、调查行业和政策导向，对业务运营给予支持，通过数据分析定位业务发展的问题，挖掘业务发展潜力； 
4、负责前端及管理后台的产品交互设计工作，包括产品原型图和流程图设计、功能需求文档撰写；
5、持续根据运营数据及用户反馈对产品进行优化和改进。
任职要求：
1、本科以上学历，3年以上相关工作经验，有互联网支付、金融产品设计经验者优先； 
2、熟悉产品实施过程，包括市场分析、需求分析、产品功能设计、业务流程设计、界面设计、用户研究和可用性测试等； 
3、具有较强的沟通能力、逻辑能力和产品设计能力，有敏锐的市场洞察力，具备较强分析能力； 
4、较强的用户需求判断、引导、控制能力，具有非常好的书面和口头表达能力； 
5、具有强烈的责任心和上进心，思维敏捷，积极主动，能承受工作压力；
6、能主动驱动自己，面对复杂情况能够独立工作。
​
                            ",本科及以上,年龄不限,高级产品经理
10-18万," 
北京-海淀区
",武汉市追忆那年网络科技有限公司,公司规模：1-49人,"领导好,扁平管理,绩效奖金,团队年轻",3年以上经验,公司地址：海淀大街34号海置创投大厦6层氪空间,"工作职责:
1、负责基于忆年APP的社交产品设计工作，包括挖掘不同角色用户各层次的需求，收集用户数据，对用户行为进行分析和研究等；
2、通过数据说话，优化社交产品功能细节，并以创新思维设计新功能点，提升产品各项关键指标；
3、协调各方面资源，跟进需求分析、产品设计、开发测试、灰度上线等工作，监控效果并持续改进；
4、竞品分析和调研；
5、根据产品相关数据和外部情况，配合分解制定产品运营目标及计划并协作达成。
任职要求：
1、1年以上社交产品相关经验，有图片共享产品设计经验优先；
2、逻辑分析能力强，准确挖掘用户需求痛点，制定针对性激励手段，并形成粘性产品体验，平衡投入产出；
3、对社交类产品有了解和研究，关注行业趋势、用户体验和产品细节；
4、主人翁意识强，主动驱动各方资源满足用户需求，快速迭代上线；
5，理解和沟通出色，能够把握各方需求等；
                            ",大专及以上,年龄不限,产品经理
面议," 
北京
",爱奇艺,公司规模：2000-5000人,"良好的发展空间,12天年假,年度免费体检,节日礼物,管理规范,技能培训,公司规模大,优秀员工奖,绩效奖金,午餐补助,定期体检,五险一金,交通补助,通讯津贴",3年以上经验,公司地址：北京市海淀区海淀北一街2号爱奇艺创新大厦,"岗位职责：
1.负责爱奇艺PGC产品，基于行业发展情况和产品发展策略进行PGC产品规划、功能设计及研发推动等工作；
2.具有需求收集、分析及向产品设计转化的良好能力，完成PGC产品调研和设计，推动产品落地和数据统计分析，提供具有前瞻性的产品设计建议；
3.制定业务流程和标准，规范产品制度和防范产品风险。输出明确的产品需求文档或用例文档，跟进交互、前端、视觉、开发、测试部门实现新需求；
4.跟踪行业同类产品，保持行业关注度，及时了解其他产品的发展
岗位要求：
1.本科以上学历，3年以上互联网产品工作经验，有清晰的产品设计理念，对产品发展趋势具有判断力；
2.熟悉PGC专业生产内容的市场生态和业务逻辑者，优先考虑；
3.思路清晰、责任心强，具备较强的分析问题和解决问题能力，擅长沟通和协调；
4.熟悉Axure等原型设计工具及常用办公软件，能够快速完成产品原型或产品示意图；
5.对数据和用户需求敏感，能够快速地通过用户数据、用户反馈提炼出用户需求

",统招本科,25-35岁,PGC产品经理
18-30万," 
北京
",哗啦啦,公司规模：100-499人,"带薪年假,公司规模大,年底双薪,节日福利,技术大牛,互联网,外卖,B2B B2C",3年以上经验,公司地址：北京市西城区西环广场T1，22楼,"1. 打造商家自运营的外卖对接平台；
2. 负责完成产品需求文档（PRD），功能定义，交互设计等需求设计文档；
3. 规划和梳理产品需求，与设计、研发及其他部门和平台协作，推动需求上线，跟进数据分析并迭代优化。
任职资格：(不符合要求者，请勿投递)
1. 正规本科（含）以上学历；
2. 三年以上B2B/B2C大中型互联网产品经理经验，热爱互联网和O2O行业；
3. 熟悉B2B产品、外卖产品的用户体验和业务流程；
4. 同时具备2B和2C的设计经验和理解，涉猎大量同行业、同类型应用设计，并有独立、深入的理解和成功的实际应用；
5. 对交互和视觉设计有敏锐的感知和判断力；
6. 逻辑缜密，思路清晰，性格开朗；
7. 有出色的表达能力、沟通能力、执行力和自驱力。
行业标杆，高速成长， 团队活跃，平台广阔，交通便利！
前景，专注于本地生活的广泛领域——餐饮O2O；
晋升，广阔的职业发展空间，越努力你就越幸运；
氛围，那是年轻人的世界，公司营造各种交流机会；
环境，舒适高大上的办公环境，西直门地标建筑，没有雾霾还可看见西山落日。
哗啦啦期待你的加入！

",统招本科,25-35岁,产品经理
